"region_ts","nregion","genero","factor","edad","ingreso","d31","d34","casos","razon_casos"
1,"Tarapacá","Hombre",2797.75634765625,33,2100000,2,2,822,0.140792158871573
1,"Tarapacá","Hombre",889.047180175781,61,2000000,1,1,822,0.140792158871573
1,"Tarapacá","Hombre",1003.62475585938,33,1300000,1,1,822,0.140792158871573
1,"Tarapacá","Mujer",1617.404296875,47,1100000,1,2,822,0.140792158871573
1,"Tarapacá","Mujer",1370.02111816406,69,1000000,1,1,822,0.140792158871573
1,"Tarapacá","Mujer",5514.35546875,39,1000000,1,1,822,0.140792158871573
1,"Tarapacá","Hombre",3972.60815429688,26,800000,1,1,822,0.140792158871573
1,"Tarapacá","Hombre",2207.83740234375,25,740000,1,1,822,0.140792158871573
1,"Tarapacá","Hombre",11103.974609375,56,700000,1,1,822,0.140792158871573
1,"Tarapacá","Hombre",1343.19555664062,58,700000,1,2,822,0.140792158871573
1,"Tarapacá","Mujer",12659.1552734375,69,700000,1,1,822,0.140792158871573
1,"Tarapacá","Mujer",2459.83618164062,21,700000,1,1,822,0.140792158871573
1,"Tarapacá","Mujer",6695.697265625,30,680000,1,1,822,0.140792158871573
1,"Tarapacá","Hombre",3955.6787109375,36,650000,1,1,822,0.140792158871573
1,"Tarapacá","Hombre",1818.48107910156,67,600000,1,1,822,0.140792158871573
1,"Tarapacá","Hombre",716.010681152344,28,500000,1,2,822,0.140792158871573
1,"Tarapacá","Hombre",1486.85388183594,28,500000,1,1,822,0.140792158871573
1,"Tarapacá","Hombre",4673.97998046875,65,401500,1,1,822,0.140792158871573
1,"Tarapacá","Hombre",2450.2578125,69,401500,1,1,822,0.140792158871573
1,"Tarapacá","Hombre",1775.19946289062,74,401500,1,1,822,0.140792158871573
1,"Tarapacá","Hombre",4318.01953125,65,401500,1,1,822,0.140792158871573
1,"Tarapacá","Hombre",1287.58483886719,75,401500,1,1,822,0.140792158871573
1,"Tarapacá","Hombre",777.192199707031,67,401500,1,1,822,0.140792158871573
1,"Tarapacá","Hombre",880.74560546875,80,401500,1,1,822,0.140792158871573
1,"Tarapacá","Hombre",3929.23193359375,45,401500,1,1,822,0.140792158871573
1,"Tarapacá","Hombre",1786.69995117188,56,401500,1,1,822,0.140792158871573
1,"Tarapacá","Hombre",2341.673828125,50,401500,1,1,822,0.140792158871573
1,"Tarapacá","Mujer",7791.23828125,79,401500,2,1,822,0.140792158871573
1,"Tarapacá","Mujer",12740.1552734375,20,401500,1,1,822,0.140792158871573
1,"Tarapacá","Mujer",6526.89453125,58,401500,1,1,822,0.140792158871573
1,"Tarapacá","Mujer",1475.61157226562,56,401500,1,1,822,0.140792158871573
1,"Tarapacá","Mujer",7233.1083984375,70,401500,1,1,822,0.140792158871573
1,"Tarapacá","Mujer",698.0849609375,30,401500,1,1,822,0.140792158871573
1,"Tarapacá","Mujer",551.753723144531,37,401500,1,1,822,0.140792158871573
1,"Tarapacá","Mujer",3328.52563476562,42,401500,2,1,822,0.140792158871573
1,"Tarapacá","Mujer",2912.04150390625,33,401500,1,1,822,0.140792158871573
1,"Tarapacá","Mujer",1669.04211425781,44,401500,2,1,822,0.140792158871573
1,"Tarapacá","Hombre",1184.08093261719,29,350000,1,1,822,0.140792158871573
1,"Tarapacá","Mujer",529.520141601562,51,350000,1,2,822,0.140792158871573
1,"Tarapacá","Mujer",1126.30102539062,28,323000,1,1,822,0.140792158871573
1,"Tarapacá","Mujer",1584.57824707031,28,320000,1,1,822,0.140792158871573
1,"Tarapacá","Hombre",3202.96264648438,24,301000,1,1,822,0.140792158871573
1,"Tarapacá","Hombre",1128.30895996094,49,300000,1,1,822,0.140792158871573
1,"Tarapacá","Hombre",2677.28881835938,49,300000,1,2,822,0.140792158871573
1,"Tarapacá","Mujer",1298.48120117188,63,280000,1,1,822,0.140792158871573
1,"Tarapacá","Mujer",961.760009765625,48,280000,1,1,822,0.140792158871573
1,"Tarapacá","Mujer",6362.68017578125,39,250000,1,2,822,0.140792158871573
1,"Tarapacá","Mujer",744.933410644531,58,220000,1,1,822,0.140792158871573
1,"Tarapacá","Hombre",2602.158203125,26,180000,1,1,822,0.140792158871573
1,"Tarapacá","Hombre",2707.18481445312,63,112000,1,2,822,0.140792158871573
1,"Tarapacá","Hombre",478.950500488281,51,100000,1,1,822,0.140792158871573
2,"Antofagasta","Hombre",4584.525390625,40,4000000,1,1,1708,0.292546237655288
2,"Antofagasta","Hombre",145.387786865234,44,2100000,1,1,1708,0.292546237655288
2,"Antofagasta","Hombre",1868.72644042969,39,1700000,1,2,1708,0.292546237655288
2,"Antofagasta","Hombre",2588.68115234375,57,1200000,1,2,1708,0.292546237655288
2,"Antofagasta","Hombre",12219.1455078125,28,1000000,1,2,1708,0.292546237655288
2,"Antofagasta","Hombre",2139.93432617188,43,900000,1,1,1708,0.292546237655288
2,"Antofagasta","Hombre",2146.41088867188,29,800000,1,1,1708,0.292546237655288
2,"Antofagasta","Hombre",4894.85888671875,21,650000,1,1,1708,0.292546237655288
2,"Antofagasta","Mujer",2792.2451171875,29,550000,1,2,1708,0.292546237655288
2,"Antofagasta","Hombre",5933,69,500000,1,1,1708,0.292546237655288
2,"Antofagasta","Hombre",3107.01342773438,30,500000,1,1,1708,0.292546237655288
2,"Antofagasta","Mujer",1371.89978027344,33,500000,1,1,1708,0.292546237655288
2,"Antofagasta","Mujer",2224.12573242188,40,450000,1,1,1708,0.292546237655288
2,"Antofagasta","Hombre",22092.56640625,48,401500,1,1,1708,0.292546237655288
2,"Antofagasta","Hombre",7465.82421875,20,401500,1,2,1708,0.292546237655288
2,"Antofagasta","Hombre",6016.2109375,65,401500,1,1,1708,0.292546237655288
2,"Antofagasta","Hombre",3686.97924804688,26,401500,1,1,1708,0.292546237655288
2,"Antofagasta","Hombre",10943.9716796875,19,401500,1,1,1708,0.292546237655288
2,"Antofagasta","Hombre",4701.73193359375,61,401500,1,1,1708,0.292546237655288
2,"Antofagasta","Hombre",17107.400390625,21,401500,1,1,1708,0.292546237655288
2,"Antofagasta","Hombre",934.764221191406,75,401500,1,1,1708,0.292546237655288
2,"Antofagasta","Hombre",3410.82202148438,76,401500,1,1,1708,0.292546237655288
2,"Antofagasta","Hombre",2286.21240234375,59,401500,1,1,1708,0.292546237655288
2,"Antofagasta","Hombre",3734.29150390625,50,401500,1,1,1708,0.292546237655288
2,"Antofagasta","Hombre",3680.8505859375,30,401500,1,1,1708,0.292546237655288
2,"Antofagasta","Mujer",3947.21240234375,48,401500,1,2,1708,0.292546237655288
2,"Antofagasta","Mujer",4001.70947265625,59,401500,1,2,1708,0.292546237655288
2,"Antofagasta","Mujer",3183.453125,76,401500,1,1,1708,0.292546237655288
2,"Antofagasta","Mujer",27782.92578125,27,401500,1,1,1708,0.292546237655288
2,"Antofagasta","Mujer",6380.11181640625,70,401500,1,1,1708,0.292546237655288
2,"Antofagasta","Mujer",6106.06787109375,51,401500,1,1,1708,0.292546237655288
2,"Antofagasta","Mujer",1305.54248046875,73,401500,1,1,1708,0.292546237655288
2,"Antofagasta","Mujer",5910.29638671875,46,401500,1,1,1708,0.292546237655288
2,"Antofagasta","Mujer",9490.0947265625,32,401500,1,1,1708,0.292546237655288
2,"Antofagasta","Mujer",3302.93041992188,47,401500,1,1,1708,0.292546237655288
2,"Antofagasta","Mujer",2633.21850585938,57,401500,1,1,1708,0.292546237655288
2,"Antofagasta","Mujer",3500.00634765625,18,401500,1,1,1708,0.292546237655288
2,"Antofagasta","Hombre",2365.7451171875,60,380000,1,1,1708,0.292546237655288
2,"Antofagasta","Hombre",3866.69580078125,42,350000,1,2,1708,0.292546237655288
2,"Antofagasta","Mujer",7962.4013671875,32,350000,1,1,1708,0.292546237655288
2,"Antofagasta","Mujer",3042.06372070312,32,330000,1,1,1708,0.292546237655288
2,"Antofagasta","Mujer",6807.8076171875,50,200000,1,1,1708,0.292546237655288
2,"Antofagasta","Mujer",4950.40576171875,35,200000,1,1,1708,0.292546237655288
2,"Antofagasta","Mujer",541.941040039062,42,200000,1,2,1708,0.292546237655288
2,"Antofagasta","Mujer",554.214477539062,50,200000,1,2,1708,0.292546237655288
2,"Antofagasta","Hombre",33640.32421875,34,120000,1,1,1708,0.292546237655288
2,"Antofagasta","Hombre",1798.75378417969,60,100000,1,1,1708,0.292546237655288
3,"Atacama","Mujer",3694.11791992188,35,1300000,1,1,285,0.0488147996087571
3,"Atacama","Hombre",1593.65075683594,68,950000,1,1,285,0.0488147996087571
3,"Atacama","Hombre",1527.80895996094,58,800000,1,1,285,0.0488147996087571
3,"Atacama","Hombre",5553.50390625,60,800000,1,1,285,0.0488147996087571
3,"Atacama","Mujer",7392.1259765625,25,760000,1,1,285,0.0488147996087571
3,"Atacama","Hombre",3468.66284179688,35,650000,1,1,285,0.0488147996087571
3,"Atacama","Hombre",6110.91064453125,34,600000,1,2,285,0.0488147996087571
3,"Atacama","Mujer",3778.1103515625,31,600000,1,1,285,0.0488147996087571
3,"Atacama","Mujer",12695.234375,28,550000,1,1,285,0.0488147996087571
3,"Atacama","Hombre",10014.2421875,55,500000,1,2,285,0.0488147996087571
3,"Atacama","Hombre",14865.349609375,57,413000,1,1,285,0.0488147996087571
3,"Atacama","Hombre",11825.0390625,19,401500,1,1,285,0.0488147996087571
3,"Atacama","Hombre",27851.658203125,21,401500,1,2,285,0.0488147996087571
3,"Atacama","Hombre",1408.9375,86,401500,1,1,285,0.0488147996087571
3,"Atacama","Mujer",5534.56982421875,41,401500,1,2,285,0.0488147996087571
3,"Atacama","Mujer",5863.04541015625,70,401500,1,1,285,0.0488147996087571
3,"Atacama","Mujer",10423.2744140625,65,401500,1,1,285,0.0488147996087571
3,"Atacama","Mujer",15100.7177734375,31,401500,1,2,285,0.0488147996087571
3,"Atacama","Mujer",1568.44494628906,66,401500,1,1,285,0.0488147996087571
3,"Atacama","Hombre",4303.55126953125,57,400000,1,1,285,0.0488147996087571
3,"Atacama","Mujer",3247.0224609375,58,400000,1,1,285,0.0488147996087571
3,"Atacama","Hombre",7788.74658203125,66,350000,1,1,285,0.0488147996087571
3,"Atacama","Hombre",3535.77514648438,60,315000,1,1,285,0.0488147996087571
3,"Atacama","Mujer",767.044616699219,52,305000,1,1,285,0.0488147996087571
3,"Atacama","Hombre",9644.607421875,55,300000,1,2,285,0.0488147996087571
3,"Atacama","Mujer",14347.4619140625,60,300000,1,1,285,0.0488147996087571
3,"Atacama","Hombre",12196.3564453125,24,180000,2,2,285,0.0488147996087571
4,"Coquimbo","Hombre",1942.76672363281,47,1500000,1,1,636,0.108934079126911
4,"Coquimbo","Mujer",8165.9443359375,33,1200000,1,1,636,0.108934079126911
4,"Coquimbo","Hombre",5316.60302734375,35,1000000,2,1,636,0.108934079126911
4,"Coquimbo","Hombre",1140.70178222656,46,850000,2,1,636,0.108934079126911
4,"Coquimbo","Hombre",709.842712402344,38,800000,1,1,636,0.108934079126911
4,"Coquimbo","Hombre",10949.1669921875,51,700000,1,1,636,0.108934079126911
4,"Coquimbo","Hombre",2375.57592773438,47,700000,1,2,636,0.108934079126911
4,"Coquimbo","Mujer",2236.41015625,48,700000,1,1,636,0.108934079126911
4,"Coquimbo","Hombre",2229.59497070312,71,695000,1,1,636,0.108934079126911
4,"Coquimbo","Hombre",3599.0341796875,45,600000,1,2,636,0.108934079126911
4,"Coquimbo","Hombre",11145.3798828125,26,500000,1,1,636,0.108934079126911
4,"Coquimbo","Mujer",1267.33557128906,38,500000,1,2,636,0.108934079126911
4,"Coquimbo","Mujer",773.910400390625,19,500000,1,1,636,0.108934079126911
4,"Coquimbo","Mujer",4927.06884765625,32,470000,1,1,636,0.108934079126911
4,"Coquimbo","Hombre",18009.673828125,28,450000,1,1,636,0.108934079126911
4,"Coquimbo","Hombre",5735.0947265625,41,450000,1,1,636,0.108934079126911
4,"Coquimbo","Hombre",2722.7685546875,71,450000,1,1,636,0.108934079126911
4,"Coquimbo","Hombre",5618.59716796875,62,406000,1,1,636,0.108934079126911
4,"Coquimbo","Hombre",3696.23974609375,64,401500,1,1,636,0.108934079126911
4,"Coquimbo","Hombre",5884.111328125,65,401500,1,1,636,0.108934079126911
4,"Coquimbo","Hombre",2960.12524414062,53,401500,1,1,636,0.108934079126911
4,"Coquimbo","Hombre",18892.32421875,35,401500,1,1,636,0.108934079126911
4,"Coquimbo","Hombre",7809.0244140625,70,401500,1,1,636,0.108934079126911
4,"Coquimbo","Hombre",11323.466796875,24,401500,1,1,636,0.108934079126911
4,"Coquimbo","Hombre",3488.86596679688,66,401500,1,1,636,0.108934079126911
4,"Coquimbo","Hombre",6577.95654296875,39,401500,1,1,636,0.108934079126911
4,"Coquimbo","Hombre",1290.39331054688,48,401500,1,1,636,0.108934079126911
4,"Coquimbo","Mujer",11676.93359375,48,401500,1,1,636,0.108934079126911
4,"Coquimbo","Mujer",8726.314453125,49,401500,1,1,636,0.108934079126911
4,"Coquimbo","Mujer",2573.86938476562,68,401500,1,1,636,0.108934079126911
4,"Coquimbo","Mujer",6664.49365234375,67,401500,1,1,636,0.108934079126911
4,"Coquimbo","Mujer",7004.0029296875,65,401500,1,1,636,0.108934079126911
4,"Coquimbo","Mujer",6634.18994140625,20,401500,1,1,636,0.108934079126911
4,"Coquimbo","Mujer",16553.669921875,66,401500,1,1,636,0.108934079126911
4,"Coquimbo","Mujer",6026.03857421875,22,401500,1,1,636,0.108934079126911
4,"Coquimbo","Mujer",3666.85913085938,39,401500,1,1,636,0.108934079126911
4,"Coquimbo","Mujer",4013.65893554688,67,401500,1,1,636,0.108934079126911
4,"Coquimbo","Mujer",6650.6474609375,29,401500,1,1,636,0.108934079126911
4,"Coquimbo","Mujer",4275.4345703125,40,401500,1,1,636,0.108934079126911
4,"Coquimbo","Mujer",3880.017578125,64,401500,1,1,636,0.108934079126911
4,"Coquimbo","Mujer",2634.34545898438,39,401500,1,1,636,0.108934079126911
4,"Coquimbo","Mujer",4739.1318359375,41,401500,1,1,636,0.108934079126911
4,"Coquimbo","Mujer",14536.75390625,60,401500,1,1,636,0.108934079126911
4,"Coquimbo","Mujer",4148.44482421875,71,401500,1,1,636,0.108934079126911
4,"Coquimbo","Mujer",12306.2021484375,65,401500,1,1,636,0.108934079126911
4,"Coquimbo","Mujer",5494.1142578125,67,401500,1,1,636,0.108934079126911
4,"Coquimbo","Mujer",4236.00634765625,70,401500,1,1,636,0.108934079126911
4,"Coquimbo","Mujer",5708.31103515625,72,401500,1,1,636,0.108934079126911
4,"Coquimbo","Mujer",1102.49426269531,61,401500,1,1,636,0.108934079126911
4,"Coquimbo","Mujer",1575.77600097656,36,401500,1,1,636,0.108934079126911
4,"Coquimbo","Mujer",2037.24780273438,58,401500,1,2,636,0.108934079126911
4,"Coquimbo","Mujer",4504.84814453125,61,401500,1,2,636,0.108934079126911
4,"Coquimbo","Mujer",3421.01171875,45,401500,1,1,636,0.108934079126911
4,"Coquimbo","Mujer",2595.63989257812,62,401500,1,1,636,0.108934079126911
4,"Coquimbo","Mujer",3055.42797851562,69,401500,1,1,636,0.108934079126911
4,"Coquimbo","Mujer",2619.1630859375,40,401500,2,2,636,0.108934079126911
4,"Coquimbo","Mujer",12594.181640625,18,401500,1,1,636,0.108934079126911
4,"Coquimbo","Hombre",10805.48046875,30,400000,1,1,636,0.108934079126911
4,"Coquimbo","Mujer",3467.38305664062,40,390000,1,3,636,0.108934079126911
4,"Coquimbo","Mujer",3383.32543945312,56,350000,1,1,636,0.108934079126911
4,"Coquimbo","Mujer",3700.61840820312,42,350000,1,1,636,0.108934079126911
4,"Coquimbo","Mujer",4741.42431640625,20,350000,1,1,636,0.108934079126911
4,"Coquimbo","Mujer",5236.82666015625,46,327000,1,2,636,0.108934079126911
4,"Coquimbo","Hombre",4855.39599609375,54,325000,1,1,636,0.108934079126911
4,"Coquimbo","Mujer",9189.1943359375,55,310000,1,1,636,0.108934079126911
4,"Coquimbo","Hombre",12167.13671875,25,301000,1,2,636,0.108934079126911
4,"Coquimbo","Hombre",2483.96508789062,52,300000,1,1,636,0.108934079126911
4,"Coquimbo","Hombre",2541.21899414062,68,300000,1,1,636,0.108934079126911
4,"Coquimbo","Hombre",2202.66748046875,58,300000,1,2,636,0.108934079126911
4,"Coquimbo","Hombre",519.821716308594,63,300000,1,1,636,0.108934079126911
4,"Coquimbo","Mujer",3151.54321289062,46,300000,1,1,636,0.108934079126911
4,"Coquimbo","Mujer",8837.4296875,46,300000,1,1,636,0.108934079126911
4,"Coquimbo","Mujer",4150.23046875,21,280000,1,2,636,0.108934079126911
4,"Coquimbo","Mujer",1306.53588867188,36,260000,1,2,636,0.108934079126911
4,"Coquimbo","Mujer",4138.2470703125,56,250000,1,1,636,0.108934079126911
4,"Coquimbo","Mujer",18487.984375,23,250000,1,1,636,0.108934079126911
4,"Coquimbo","Hombre",7043.37109375,74,220000,1,1,636,0.108934079126911
4,"Coquimbo","Hombre",3426.66870117188,76,180000,1,1,636,0.108934079126911
5,"Valparaíso","Hombre",4325.5185546875,41,3000000,2,1,2072,0.354892157155595
5,"Valparaíso","Hombre",2968.00659179688,44,2000000,1,1,2072,0.354892157155595
5,"Valparaíso","Hombre",6392.09814453125,45,2000000,2,1,2072,0.354892157155595
5,"Valparaíso","Mujer",9904.4189453125,38,1500000,1,1,2072,0.354892157155595
5,"Valparaíso","Mujer",7740.029296875,44,1500000,1,1,2072,0.354892157155595
5,"Valparaíso","Hombre",3495.31372070312,37,1300000,1,1,2072,0.354892157155595
5,"Valparaíso","Mujer",9977.130859375,50,1300000,1,1,2072,0.354892157155595
5,"Valparaíso","Mujer",11494.2021484375,43,950000,1,1,2072,0.354892157155595
5,"Valparaíso","Hombre",8670.88671875,45,900000,1,1,2072,0.354892157155595
5,"Valparaíso","Hombre",8243.2587890625,39,900000,1,1,2072,0.354892157155595
5,"Valparaíso","Mujer",4123.6123046875,36,900000,1,1,2072,0.354892157155595
5,"Valparaíso","Hombre",2268.29614257812,58,820000,1,2,2072,0.354892157155595
5,"Valparaíso","Hombre",1323.63122558594,55,800000,1,1,2072,0.354892157155595
5,"Valparaíso","Hombre",12265.4716796875,51,800000,1,1,2072,0.354892157155595
5,"Valparaíso","Hombre",30667.388671875,43,800000,1,1,2072,0.354892157155595
5,"Valparaíso","Mujer",5924.70458984375,33,700000,1,1,2072,0.354892157155595
5,"Valparaíso","Mujer",4649.01806640625,32,700000,1,1,2072,0.354892157155595
5,"Valparaíso","Hombre",4191.07470703125,26,630000,1,1,2072,0.354892157155595
5,"Valparaíso","Hombre",13779.7978515625,28,600000,1,2,2072,0.354892157155595
5,"Valparaíso","Hombre",4888.3095703125,65,600000,1,1,2072,0.354892157155595
5,"Valparaíso","Hombre",5733.140625,43,600000,1,1,2072,0.354892157155595
5,"Valparaíso","Hombre",13669.4287109375,54,600000,1,1,2072,0.354892157155595
5,"Valparaíso","Hombre",7988.642578125,30,600000,1,1,2072,0.354892157155595
5,"Valparaíso","Hombre",2944.67504882812,66,500000,1,1,2072,0.354892157155595
5,"Valparaíso","Hombre",10906.1875,45,500000,1,3,2072,0.354892157155595
5,"Valparaíso","Hombre",6788.57275390625,34,500000,2,1,2072,0.354892157155595
5,"Valparaíso","Mujer",8508.01953125,60,500000,1,1,2072,0.354892157155595
5,"Valparaíso","Hombre",2446.47900390625,67,450000,1,1,2072,0.354892157155595
5,"Valparaíso","Hombre",3558.37817382812,24,401500,1,1,2072,0.354892157155595
5,"Valparaíso","Hombre",2286.89038085938,71,401500,1,1,2072,0.354892157155595
5,"Valparaíso","Hombre",4350.9912109375,72,401500,1,1,2072,0.354892157155595
5,"Valparaíso","Hombre",3683.50756835938,76,401500,2,1,2072,0.354892157155595
5,"Valparaíso","Hombre",1684.25646972656,79,401500,1,2,2072,0.354892157155595
5,"Valparaíso","Hombre",27914.390625,45,401500,1,1,2072,0.354892157155595
5,"Valparaíso","Hombre",4161.9052734375,61,401500,1,1,2072,0.354892157155595
5,"Valparaíso","Hombre",19319.216796875,20,401500,1,1,2072,0.354892157155595
5,"Valparaíso","Hombre",16611.908203125,27,401500,1,1,2072,0.354892157155595
5,"Valparaíso","Hombre",5218.91259765625,56,401500,1,1,2072,0.354892157155595
5,"Valparaíso","Hombre",13050.1181640625,21,401500,1,2,2072,0.354892157155595
5,"Valparaíso","Hombre",25501.34765625,75,401500,1,1,2072,0.354892157155595
5,"Valparaíso","Hombre",13043.85546875,72,401500,1,1,2072,0.354892157155595
5,"Valparaíso","Hombre",9450.6220703125,67,401500,1,1,2072,0.354892157155595
5,"Valparaíso","Hombre",5132.57568359375,66,401500,2,1,2072,0.354892157155595
5,"Valparaíso","Hombre",13950.5703125,78,401500,1,1,2072,0.354892157155595
5,"Valparaíso","Hombre",20122.150390625,18,401500,1,1,2072,0.354892157155595
5,"Valparaíso","Hombre",50525.60546875,27,401500,1,1,2072,0.354892157155595
5,"Valparaíso","Hombre",20210.0859375,72,401500,1,1,2072,0.354892157155595
5,"Valparaíso","Hombre",26028.6796875,61,401500,1,1,2072,0.354892157155595
5,"Valparaíso","Hombre",38965.41796875,19,401500,1,1,2072,0.354892157155595
5,"Valparaíso","Hombre",20246.494140625,73,401500,1,1,2072,0.354892157155595
5,"Valparaíso","Hombre",3518.595703125,70,401500,1,1,2072,0.354892157155595
5,"Valparaíso","Hombre",12251.349609375,83,401500,1,1,2072,0.354892157155595
5,"Valparaíso","Hombre",15749.2705078125,18,401500,1,1,2072,0.354892157155595
5,"Valparaíso","Hombre",7678.79443359375,82,401500,1,1,2072,0.354892157155595
5,"Valparaíso","Hombre",22455.3671875,21,401500,1,1,2072,0.354892157155595
5,"Valparaíso","Hombre",4471.380859375,74,401500,1,1,2072,0.354892157155595
5,"Valparaíso","Hombre",2863.76977539062,74,401500,1,1,2072,0.354892157155595
5,"Valparaíso","Mujer",11553.0419921875,44,401500,1,1,2072,0.354892157155595
5,"Valparaíso","Mujer",2136.6591796875,32,401500,1,1,2072,0.354892157155595
5,"Valparaíso","Mujer",14838.5244140625,68,401500,1,1,2072,0.354892157155595
5,"Valparaíso","Mujer",3633.10595703125,68,401500,1,1,2072,0.354892157155595
5,"Valparaíso","Mujer",4092.8349609375,73,401500,1,1,2072,0.354892157155595
5,"Valparaíso","Mujer",18130.1328125,70,401500,2,1,2072,0.354892157155595
5,"Valparaíso","Mujer",7557.94140625,36,401500,1,1,2072,0.354892157155595
5,"Valparaíso","Mujer",12442.5732421875,19,401500,1,2,2072,0.354892157155595
5,"Valparaíso","Mujer",3743.8798828125,65,401500,1,1,2072,0.354892157155595
5,"Valparaíso","Mujer",12481.216796875,48,401500,1,1,2072,0.354892157155595
5,"Valparaíso","Mujer",8113.2578125,40,401500,1,1,2072,0.354892157155595
5,"Valparaíso","Mujer",4403.3349609375,63,401500,1,1,2072,0.354892157155595
5,"Valparaíso","Mujer",17248.142578125,73,401500,1,1,2072,0.354892157155595
5,"Valparaíso","Mujer",9376.5849609375,80,401500,1,1,2072,0.354892157155595
5,"Valparaíso","Mujer",3704.11987304688,77,401500,1,1,2072,0.354892157155595
5,"Valparaíso","Mujer",12369.345703125,49,401500,1,1,2072,0.354892157155595
5,"Valparaíso","Mujer",4266.34326171875,68,401500,1,1,2072,0.354892157155595
5,"Valparaíso","Mujer",14753.2568359375,62,401500,1,1,2072,0.354892157155595
5,"Valparaíso","Mujer",10518.2724609375,40,401500,1,1,2072,0.354892157155595
5,"Valparaíso","Mujer",14924.3125,67,401500,1,1,2072,0.354892157155595
5,"Valparaíso","Mujer",10322.1943359375,56,401500,1,1,2072,0.354892157155595
5,"Valparaíso","Mujer",9894.8701171875,39,401500,1,1,2072,0.354892157155595
5,"Valparaíso","Mujer",24791.31640625,22,401500,1,1,2072,0.354892157155595
5,"Valparaíso","Mujer",12147.28515625,53,401500,2,3,2072,0.354892157155595
5,"Valparaíso","Mujer",3326.85424804688,72,401500,1,1,2072,0.354892157155595
5,"Valparaíso","Mujer",10054.21875,35,401500,1,1,2072,0.354892157155595
5,"Valparaíso","Mujer",6723.1337890625,40,401500,1,1,2072,0.354892157155595
5,"Valparaíso","Mujer",9752.7197265625,59,401500,1,1,2072,0.354892157155595
5,"Valparaíso","Mujer",9270.279296875,61,401500,1,1,2072,0.354892157155595
5,"Valparaíso","Hombre",52108.62890625,39,400000,1,1,2072,0.354892157155595
5,"Valparaíso","Hombre",10433.83984375,63,400000,1,1,2072,0.354892157155595
5,"Valparaíso","Mujer",30790.154296875,77,400000,1,1,2072,0.354892157155595
5,"Valparaíso","Mujer",9496.41015625,46,400000,1,2,2072,0.354892157155595
5,"Valparaíso","Mujer",7593.5,42,400000,1,1,2072,0.354892157155595
5,"Valparaíso","Mujer",4043.34130859375,59,400000,1,1,2072,0.354892157155595
5,"Valparaíso","Mujer",3543.65087890625,42,400000,1,1,2072,0.354892157155595
5,"Valparaíso","Mujer",5038.46044921875,23,400000,1,1,2072,0.354892157155595
5,"Valparaíso","Mujer",9494.3994140625,35,395000,1,1,2072,0.354892157155595
5,"Valparaíso","Hombre",32926.85546875,47,350000,1,1,2072,0.354892157155595
5,"Valparaíso","Mujer",1553.52062988281,35,350000,1,1,2072,0.354892157155595
5,"Valparaíso","Mujer",10773.1318359375,37,350000,1,1,2072,0.354892157155595
5,"Valparaíso","Mujer",4172.26904296875,56,340000,1,1,2072,0.354892157155595
5,"Valparaíso","Mujer",9217.2802734375,51,338000,1,1,2072,0.354892157155595
5,"Valparaíso","Mujer",7567.47509765625,45,320000,1,1,2072,0.354892157155595
5,"Valparaíso","Hombre",16437.509765625,53,301000,1,1,2072,0.354892157155595
5,"Valparaíso","Hombre",18984.19140625,57,300000,1,1,2072,0.354892157155595
5,"Valparaíso","Mujer",4813.2216796875,50,300000,1,2,2072,0.354892157155595
5,"Valparaíso","Mujer",60044.92578125,58,300000,1,1,2072,0.354892157155595
5,"Valparaíso","Hombre",17583.15234375,25,250000,1,1,2072,0.354892157155595
5,"Valparaíso","Hombre",10772.0537109375,48,250000,1,1,2072,0.354892157155595
5,"Valparaíso","Hombre",10218.544921875,22,250000,1,2,2072,0.354892157155595
5,"Valparaíso","Mujer",4809.177734375,57,250000,1,1,2072,0.354892157155595
5,"Valparaíso","Mujer",15976.5498046875,36,250000,1,1,2072,0.354892157155595
5,"Valparaíso","Mujer",37558.60546875,35,250000,1,1,2072,0.354892157155595
5,"Valparaíso","Mujer",16026.1611328125,55,230000,1,1,2072,0.354892157155595
5,"Valparaíso","Mujer",8644.7666015625,40,200000,2,1,2072,0.354892157155595
5,"Valparaíso","Mujer",7275.06640625,75,180000,1,1,2072,0.354892157155595
5,"Valparaíso","Mujer",11106.52734375,30,160000,1,1,2072,0.354892157155595
5,"Valparaíso","Mujer",15259.470703125,24,160000,1,1,2072,0.354892157155595
5,"Valparaíso","Hombre",22755.216796875,29,150000,1,2,2072,0.354892157155595
5,"Valparaíso","Mujer",9233.287109375,59,60000,1,1,2072,0.354892157155595
5,"Valparaíso","Mujer",13140.7919921875,78,40000,2,1,2072,0.354892157155595
5,"Valparaíso","Mujer",41107.83984375,36,30000,1,2,2072,0.354892157155595
5,"Valparaíso","Mujer",19763.931640625,45,20000,1,1,2072,0.354892157155595
5,"Valparaíso","Mujer",3517.28076171875,75,0,1,1,2072,0.354892157155595
6,"O'Higgins","Hombre",11352.4404296875,44,1400000,1,1,1890,0.323719197405442
6,"O'Higgins","Hombre",3710.794921875,38,950000,1,1,1890,0.323719197405442
6,"O'Higgins","Hombre",5695.8310546875,28,900000,1,1,1890,0.323719197405442
6,"O'Higgins","Mujer",4562.4619140625,33,900000,1,1,1890,0.323719197405442
6,"O'Higgins","Hombre",3073.419921875,56,800000,1,1,1890,0.323719197405442
6,"O'Higgins","Hombre",12028.26171875,33,630000,1,1,1890,0.323719197405442
6,"O'Higgins","Hombre",3878.82104492188,47,600000,1,1,1890,0.323719197405442
6,"O'Higgins","Hombre",17181.53125,26,550000,1,1,1890,0.323719197405442
6,"O'Higgins","Hombre",1979.05053710938,60,500000,1,1,1890,0.323719197405442
6,"O'Higgins","Hombre",2497.45727539062,67,448000,1,1,1890,0.323719197405442
6,"O'Higgins","Mujer",12451.3095703125,49,430000,1,1,1890,0.323719197405442
6,"O'Higgins","Mujer",6886.03271484375,51,430000,1,1,1890,0.323719197405442
6,"O'Higgins","Hombre",3480.25024414062,68,401500,1,1,1890,0.323719197405442
6,"O'Higgins","Hombre",5385.6640625,66,401500,1,1,1890,0.323719197405442
6,"O'Higgins","Hombre",4254.70361328125,36,401500,1,2,1890,0.323719197405442
6,"O'Higgins","Hombre",29283.859375,18,401500,1,1,1890,0.323719197405442
6,"O'Higgins","Hombre",30859.658203125,27,401500,1,1,1890,0.323719197405442
6,"O'Higgins","Hombre",3762.8046875,65,401500,1,1,1890,0.323719197405442
6,"O'Higgins","Hombre",21901.03125,20,401500,1,1,1890,0.323719197405442
6,"O'Higgins","Hombre",9673.9931640625,76,401500,2,1,1890,0.323719197405442
6,"O'Higgins","Hombre",3574.8369140625,75,401500,1,2,1890,0.323719197405442
6,"O'Higgins","Hombre",3976.73315429688,18,401500,1,1,1890,0.323719197405442
6,"O'Higgins","Hombre",461.100555419922,48,401500,1,1,1890,0.323719197405442
6,"O'Higgins","Mujer",60463.13671875,22,401500,1,1,1890,0.323719197405442
6,"O'Higgins","Mujer",8626.869140625,37,401500,1,1,1890,0.323719197405442
6,"O'Higgins","Mujer",10086.7470703125,62,401500,1,1,1890,0.323719197405442
6,"O'Higgins","Mujer",28223.73046875,64,401500,1,1,1890,0.323719197405442
6,"O'Higgins","Mujer",6250.92138671875,44,401500,1,1,1890,0.323719197405442
6,"O'Higgins","Mujer",3441.67016601562,78,401500,1,1,1890,0.323719197405442
6,"O'Higgins","Mujer",8183.9501953125,37,401500,1,1,1890,0.323719197405442
6,"O'Higgins","Mujer",14115.447265625,69,401500,1,1,1890,0.323719197405442
6,"O'Higgins","Mujer",9542.1298828125,46,401500,1,1,1890,0.323719197405442
6,"O'Higgins","Mujer",25050.568359375,50,401500,1,1,1890,0.323719197405442
6,"O'Higgins","Mujer",35682.07421875,18,401500,1,1,1890,0.323719197405442
6,"O'Higgins","Mujer",13672.4091796875,44,401500,1,2,1890,0.323719197405442
6,"O'Higgins","Mujer",2429.814453125,67,401500,1,1,1890,0.323719197405442
6,"O'Higgins","Mujer",4092.81323242188,50,401500,1,2,1890,0.323719197405442
6,"O'Higgins","Mujer",2299.7919921875,43,401500,1,1,1890,0.323719197405442
6,"O'Higgins","Hombre",38041.92578125,24,400000,1,2,1890,0.323719197405442
6,"O'Higgins","Hombre",7319.52099609375,19,350000,1,2,1890,0.323719197405442
6,"O'Higgins","Hombre",14032.916015625,30,320000,1,1,1890,0.323719197405442
6,"O'Higgins","Hombre",12078.91796875,30,300000,1,1,1890,0.323719197405442
6,"O'Higgins","Hombre",16915.787109375,57,300000,1,1,1890,0.323719197405442
6,"O'Higgins","Hombre",5326.2958984375,66,280000,1,1,1890,0.323719197405442
6,"O'Higgins","Hombre",9662.0849609375,58,200000,1,1,1890,0.323719197405442
6,"O'Higgins","Hombre",6306.087890625,88,150000,1,1,1890,0.323719197405442
6,"O'Higgins","Hombre",10227.033203125,56,0,1,1,1890,0.323719197405442
7,"Maule","Hombre",985.13134765625,33,1300000,1,2,1272,0.217868158253821
7,"Maule","Hombre",11384.326171875,68,990000,1,2,1272,0.217868158253821
7,"Maule","Hombre",4695.720703125,62,700000,1,1,1272,0.217868158253821
7,"Maule","Hombre",15455.1337890625,29,580000,1,1,1272,0.217868158253821
7,"Maule","Hombre",12228.658203125,36,403000,1,1,1272,0.217868158253821
7,"Maule","Hombre",10983.7978515625,70,401500,1,1,1272,0.217868158253821
7,"Maule","Hombre",12076.8662109375,23,401500,1,1,1272,0.217868158253821
7,"Maule","Hombre",15205.720703125,37,401500,1,1,1272,0.217868158253821
7,"Maule","Hombre",12504.3671875,23,401500,1,2,1272,0.217868158253821
7,"Maule","Hombre",12077.6484375,20,401500,1,1,1272,0.217868158253821
7,"Maule","Hombre",2916.89965820312,69,401500,1,1,1272,0.217868158253821
7,"Maule","Hombre",1408.12475585938,67,401500,1,1,1272,0.217868158253821
7,"Maule","Mujer",6349.25,70,401500,1,1,1272,0.217868158253821
7,"Maule","Mujer",4901.23681640625,46,401500,1,1,1272,0.217868158253821
7,"Maule","Mujer",5415.43212890625,50,401500,1,1,1272,0.217868158253821
7,"Maule","Mujer",5086.3642578125,72,401500,3,3,1272,0.217868158253821
7,"Maule","Mujer",5368.591796875,57,401500,1,1,1272,0.217868158253821
7,"Maule","Mujer",2723.12622070312,42,401500,1,1,1272,0.217868158253821
7,"Maule","Mujer",17540.919921875,42,401500,1,1,1272,0.217868158253821
7,"Maule","Mujer",1504.00622558594,34,401500,1,1,1272,0.217868158253821
7,"Maule","Mujer",4326.2275390625,40,401500,2,1,1272,0.217868158253821
7,"Maule","Mujer",8637.9365234375,28,401500,1,1,1272,0.217868158253821
7,"Maule","Mujer",6509.1494140625,59,401500,1,1,1272,0.217868158253821
7,"Maule","Mujer",2892.64013671875,32,401500,1,2,1272,0.217868158253821
7,"Maule","Hombre",17981.68359375,51,400000,1,1,1272,0.217868158253821
7,"Maule","Hombre",24809.30859375,36,400000,1,1,1272,0.217868158253821
7,"Maule","Hombre",2634.46875,22,400000,1,1,1272,0.217868158253821
7,"Maule","Hombre",2059.51611328125,73,350000,1,2,1272,0.217868158253821
7,"Maule","Mujer",3955.19848632812,36,350000,1,1,1272,0.217868158253821
7,"Maule","Hombre",10920.5185546875,51,320000,1,1,1272,0.217868158253821
7,"Maule","Mujer",1441.76940917969,40,310000,1,2,1272,0.217868158253821
7,"Maule","Mujer",2140.59838867188,60,301000,1,1,1272,0.217868158253821
7,"Maule","Mujer",6569.01318359375,37,300000,1,1,1272,0.217868158253821
7,"Maule","Mujer",2963.732421875,42,200000,1,1,1272,0.217868158253821
7,"Maule","Mujer",4967.88427734375,50,150000,1,1,1272,0.217868158253821
7,"Maule","Mujer",1140.46215820312,70,130000,1,1,1272,0.217868158253821
7,"Maule","Mujer",13724.5859375,31,0,1,1,1272,0.217868158253821
8,"Biobío","Hombre",12304.6923828125,43,2500000,1,1,1871,0.320464877431525
8,"Biobío","Hombre",2866.85034179688,33,2100000,2,2,1871,0.320464877431525
8,"Biobío","Hombre",4450.89453125,45,1800000,1,1,1871,0.320464877431525
8,"Biobío","Mujer",25940.888671875,51,1400000,1,3,1871,0.320464877431525
8,"Biobío","Hombre",31919.736328125,50,1300000,1,1,1871,0.320464877431525
8,"Biobío","Mujer",5490.05859375,40,1300000,1,1,1871,0.320464877431525
8,"Biobío","Hombre",2563.30932617188,53,1200000,1,2,1871,0.320464877431525
8,"Biobío","Hombre",4554.359375,50,1200000,1,1,1871,0.320464877431525
8,"Biobío","Hombre",1452.51391601562,37,1100000,1,1,1871,0.320464877431525
8,"Biobío","Mujer",6523.4638671875,67,1100000,1,1,1871,0.320464877431525
8,"Biobío","Hombre",6625.95654296875,39,1000000,1,1,1871,0.320464877431525
8,"Biobío","Mujer",3286.78491210938,65,1000000,1,2,1871,0.320464877431525
8,"Biobío","Hombre",2302.22387695312,63,980000,1,2,1871,0.320464877431525
8,"Biobío","Hombre",2199.39428710938,52,900000,1,1,1871,0.320464877431525
8,"Biobío","Hombre",5616.14501953125,29,900000,2,1,1871,0.320464877431525
8,"Biobío","Hombre",10205.0107421875,28,750000,3,3,1871,0.320464877431525
8,"Biobío","Hombre",1684.35192871094,48,750000,1,1,1871,0.320464877431525
8,"Biobío","Hombre",3617.11401367188,39,700000,1,2,1871,0.320464877431525
8,"Biobío","Hombre",6123.4501953125,50,650000,1,1,1871,0.320464877431525
8,"Biobío","Hombre",8365.7724609375,60,600000,1,1,1871,0.320464877431525
8,"Biobío","Hombre",4379.67529296875,69,560000,1,1,1871,0.320464877431525
8,"Biobío","Hombre",9895.0302734375,45,550000,1,1,1871,0.320464877431525
8,"Biobío","Hombre",5255.3994140625,61,530000,1,1,1871,0.320464877431525
8,"Biobío","Hombre",7968.9130859375,59,500000,1,1,1871,0.320464877431525
8,"Biobío","Hombre",21945.20703125,48,500000,1,1,1871,0.320464877431525
8,"Biobío","Hombre",15243.7783203125,30,500000,1,2,1871,0.320464877431525
8,"Biobío","Mujer",12316.337890625,30,500000,1,1,1871,0.320464877431525
8,"Biobío","Mujer",6124.505859375,44,500000,1,3,1871,0.320464877431525
8,"Biobío","Mujer",24770.5625,56,500000,1,1,1871,0.320464877431525
8,"Biobío","Hombre",3228.98266601562,67,450000,1,1,1871,0.320464877431525
8,"Biobío","Hombre",8357.7431640625,60,401500,1,1,1871,0.320464877431525
8,"Biobío","Hombre",8241.52734375,21,401500,1,1,1871,0.320464877431525
8,"Biobío","Hombre",1368.99658203125,68,401500,1,1,1871,0.320464877431525
8,"Biobío","Hombre",9598.85546875,46,401500,1,2,1871,0.320464877431525
8,"Biobío","Hombre",25947.640625,22,401500,1,1,1871,0.320464877431525
8,"Biobío","Hombre",13464.6748046875,46,401500,1,1,1871,0.320464877431525
8,"Biobío","Hombre",14877.5458984375,25,401500,2,1,1871,0.320464877431525
8,"Biobío","Hombre",22060.8984375,23,401500,1,1,1871,0.320464877431525
8,"Biobío","Hombre",11134.2568359375,69,401500,1,1,1871,0.320464877431525
8,"Biobío","Hombre",10343.125,79,401500,1,1,1871,0.320464877431525
8,"Biobío","Hombre",6059.77490234375,46,401500,1,1,1871,0.320464877431525
8,"Biobío","Hombre",5658.40966796875,73,401500,2,1,1871,0.320464877431525
8,"Biobío","Hombre",5945.6162109375,53,401500,1,1,1871,0.320464877431525
8,"Biobío","Hombre",2725.95190429688,71,401500,2,1,1871,0.320464877431525
8,"Biobío","Hombre",4372.85546875,50,401500,1,1,1871,0.320464877431525
8,"Biobío","Hombre",1988.64404296875,80,401500,1,1,1871,0.320464877431525
8,"Biobío","Mujer",3520.77563476562,40,401500,1,1,1871,0.320464877431525
8,"Biobío","Mujer",1547.15563964844,62,401500,1,1,1871,0.320464877431525
8,"Biobío","Mujer",11160.1240234375,18,401500,1,1,1871,0.320464877431525
8,"Biobío","Mujer",11898.0810546875,60,401500,1,1,1871,0.320464877431525
8,"Biobío","Mujer",1947.05773925781,71,401500,2,2,1871,0.320464877431525
8,"Biobío","Mujer",12230.37890625,44,401500,1,2,1871,0.320464877431525
8,"Biobío","Mujer",4425.07421875,68,401500,1,1,1871,0.320464877431525
8,"Biobío","Mujer",25382.0703125,22,401500,1,2,1871,0.320464877431525
8,"Biobío","Mujer",6125.24072265625,61,401500,1,1,1871,0.320464877431525
8,"Biobío","Mujer",9735.9228515625,20,401500,1,1,1871,0.320464877431525
8,"Biobío","Mujer",6854.2509765625,66,401500,1,1,1871,0.320464877431525
8,"Biobío","Mujer",5593.90966796875,64,401500,1,1,1871,0.320464877431525
8,"Biobío","Mujer",5872.3876953125,75,401500,1,1,1871,0.320464877431525
8,"Biobío","Mujer",15113.0654296875,35,401500,2,1,1871,0.320464877431525
8,"Biobío","Mujer",1776.95300292969,72,401500,1,1,1871,0.320464877431525
8,"Biobío","Mujer",7181.2919921875,49,401500,1,1,1871,0.320464877431525
8,"Biobío","Mujer",12957.5048828125,24,401500,1,1,1871,0.320464877431525
8,"Biobío","Mujer",7719.84375,39,401500,1,1,1871,0.320464877431525
8,"Biobío","Mujer",10450.4404296875,42,401500,1,1,1871,0.320464877431525
8,"Biobío","Mujer",5387.87109375,75,401500,1,1,1871,0.320464877431525
8,"Biobío","Mujer",2775.96020507812,47,401500,1,1,1871,0.320464877431525
8,"Biobío","Mujer",5432.873046875,71,401500,1,1,1871,0.320464877431525
8,"Biobío","Mujer",3696.34033203125,48,401500,1,1,1871,0.320464877431525
8,"Biobío","Mujer",3609.5244140625,34,401500,1,1,1871,0.320464877431525
8,"Biobío","Mujer",9812.880859375,37,401500,1,1,1871,0.320464877431525
8,"Biobío","Mujer",1523.92370605469,74,401500,1,1,1871,0.320464877431525
8,"Biobío","Mujer",4555.6435546875,62,401500,2,1,1871,0.320464877431525
8,"Biobío","Mujer",1659.59497070312,62,401500,1,1,1871,0.320464877431525
8,"Biobío","Mujer",7396.51708984375,50,401500,1,2,1871,0.320464877431525
8,"Biobío","Mujer",11214.609375,35,401500,1,1,1871,0.320464877431525
8,"Biobío","Mujer",6555.9794921875,72,401500,1,1,1871,0.320464877431525
8,"Biobío","Hombre",939.990539550781,52,400000,1,1,1871,0.320464877431525
8,"Biobío","Hombre",23095.404296875,58,400000,1,1,1871,0.320464877431525
8,"Biobío","Hombre",8553.6513671875,50,387000,1,3,1871,0.320464877431525
8,"Biobío","Hombre",4547.13916015625,53,380000,1,1,1871,0.320464877431525
8,"Biobío","Hombre",6799.0966796875,56,370000,1,2,1871,0.320464877431525
8,"Biobío","Mujer",20951.28515625,57,360000,1,1,1871,0.320464877431525
8,"Biobío","Hombre",20826.4375,57,350000,2,1,1871,0.320464877431525
8,"Biobío","Hombre",4623.0927734375,36,350000,1,1,1871,0.320464877431525
8,"Biobío","Hombre",2363.3154296875,65,320000,1,1,1871,0.320464877431525
8,"Biobío","Mujer",3470.92626953125,48,310000,1,1,1871,0.320464877431525
8,"Biobío","Mujer",5548.6298828125,50,301000,1,2,1871,0.320464877431525
8,"Biobío","Mujer",10628.8662109375,35,300000,1,1,1871,0.320464877431525
8,"Biobío","Mujer",3720.65161132812,47,300000,1,1,1871,0.320464877431525
8,"Biobío","Mujer",3326.97192382812,44,300000,1,1,1871,0.320464877431525
8,"Biobío","Mujer",8958.173828125,62,243000,1,1,1871,0.320464877431525
8,"Biobío","Mujer",6441.71240234375,27,240000,1,2,1871,0.320464877431525
8,"Biobío","Mujer",6670.2490234375,39,220000,1,1,1871,0.320464877431525
8,"Biobío","Mujer",12297.3369140625,31,210000,1,1,1871,0.320464877431525
8,"Biobío","Mujer",5230.859375,36,200000,1,1,1871,0.320464877431525
8,"Biobío","Mujer",4475.96923828125,62,180000,1,1,1871,0.320464877431525
8,"Biobío","Hombre",5099.79345703125,60,150000,1,1,1871,0.320464877431525
8,"Biobío","Hombre",2637.4921875,21,111000,1,1,1871,0.320464877431525
8,"Biobío","Hombre",14604.125,53,80000,1,1,1871,0.320464877431525
8,"Biobío","Hombre",11582.3896484375,52,30000,1,2,1871,0.320464877431525
9,"Araucania","Hombre",1176.33605957031,46,3000000,1,1,255,0.0436763996499405
9,"Araucania","Hombre",2768.52099609375,80,2000000,1,1,255,0.0436763996499405
9,"Araucania","Mujer",5118.12451171875,39,1900000,1,1,255,0.0436763996499405
9,"Araucania","Mujer",8351.755859375,56,1500000,1,1,255,0.0436763996499405
9,"Araucania","Mujer",5759.9912109375,57,1300000,1,1,255,0.0436763996499405
9,"Araucania","Hombre",1412.55908203125,45,1100000,1,2,255,0.0436763996499405
9,"Araucania","Hombre",7972.169921875,36,1000000,1,1,255,0.0436763996499405
9,"Araucania","Hombre",5539.24951171875,45,900000,1,1,255,0.0436763996499405
9,"Araucania","Mujer",18806.974609375,25,900000,1,1,255,0.0436763996499405
9,"Araucania","Mujer",21298.63671875,28,900000,1,3,255,0.0436763996499405
9,"Araucania","Hombre",4218.63525390625,49,850000,1,1,255,0.0436763996499405
9,"Araucania","Hombre",4431.05859375,45,750000,1,1,255,0.0436763996499405
9,"Araucania","Hombre",8606.02734375,45,700000,1,2,255,0.0436763996499405
9,"Araucania","Hombre",2987.94311523438,26,700000,1,1,255,0.0436763996499405
9,"Araucania","Mujer",27425.8671875,27,650000,1,1,255,0.0436763996499405
9,"Araucania","Hombre",15038.5478515625,67,630000,1,1,255,0.0436763996499405
9,"Araucania","Mujer",11860.091796875,26,600000,1,1,255,0.0436763996499405
9,"Araucania","Mujer",10288.615234375,28,600000,1,1,255,0.0436763996499405
9,"Araucania","Hombre",12008.595703125,48,550000,1,3,255,0.0436763996499405
9,"Araucania","Mujer",2154.958984375,38,450000,1,1,255,0.0436763996499405
9,"Araucania","Hombre",3006.45776367188,40,401500,1,1,255,0.0436763996499405
9,"Araucania","Hombre",8667.51953125,62,401500,1,1,255,0.0436763996499405
9,"Araucania","Hombre",21896.28125,22,401500,1,2,255,0.0436763996499405
9,"Araucania","Hombre",14939.4716796875,66,401500,1,1,255,0.0436763996499405
9,"Araucania","Hombre",3442.85546875,48,401500,1,1,255,0.0436763996499405
9,"Araucania","Hombre",12029.9228515625,60,401500,1,2,255,0.0436763996499405
9,"Araucania","Hombre",2140.1220703125,71,401500,1,2,255,0.0436763996499405
9,"Araucania","Hombre",3930.4814453125,71,401500,1,1,255,0.0436763996499405
9,"Araucania","Mujer",4964.859375,59,401500,1,1,255,0.0436763996499405
9,"Araucania","Mujer",13912.8935546875,75,401500,2,1,255,0.0436763996499405
9,"Araucania","Mujer",1366.25366210938,70,401500,1,1,255,0.0436763996499405
9,"Araucania","Mujer",16129.6845703125,63,401500,1,2,255,0.0436763996499405
9,"Araucania","Mujer",8744.6552734375,27,401500,1,1,255,0.0436763996499405
9,"Araucania","Mujer",17721.99609375,25,401500,1,2,255,0.0436763996499405
9,"Araucania","Mujer",29137.892578125,20,401500,1,1,255,0.0436763996499405
9,"Araucania","Mujer",3720.62817382812,67,401500,1,1,255,0.0436763996499405
9,"Araucania","Mujer",3974.23120117188,79,401500,1,1,255,0.0436763996499405
9,"Araucania","Mujer",4435.5673828125,58,401500,1,1,255,0.0436763996499405
9,"Araucania","Mujer",3089.517578125,37,401500,1,1,255,0.0436763996499405
9,"Araucania","Mujer",13837.4619140625,23,401500,1,1,255,0.0436763996499405
9,"Araucania","Mujer",7671.35498046875,34,401500,1,1,255,0.0436763996499405
9,"Araucania","Mujer",9259.091796875,50,401500,1,3,255,0.0436763996499405
9,"Araucania","Mujer",4516.05078125,37,401500,1,1,255,0.0436763996499405
9,"Araucania","Mujer",13796.4248046875,38,401500,1,1,255,0.0436763996499405
9,"Araucania","Mujer",17935.669921875,55,401500,1,1,255,0.0436763996499405
9,"Araucania","Mujer",5735.294921875,82,401500,1,1,255,0.0436763996499405
9,"Araucania","Mujer",17823.408203125,63,401500,1,1,255,0.0436763996499405
9,"Araucania","Mujer",12422.9794921875,65,401500,1,1,255,0.0436763996499405
9,"Araucania","Mujer",6774.20654296875,61,401500,1,1,255,0.0436763996499405
9,"Araucania","Mujer",2396.97290039062,39,401500,1,1,255,0.0436763996499405
9,"Araucania","Mujer",3844.22802734375,24,401500,1,1,255,0.0436763996499405
9,"Araucania","Mujer",14459.9013671875,54,401500,1,1,255,0.0436763996499405
9,"Araucania","Mujer",7223.05322265625,34,401500,1,1,255,0.0436763996499405
9,"Araucania","Mujer",4293.0419921875,34,401500,1,1,255,0.0436763996499405
9,"Araucania","Mujer",11704.8056640625,35,401500,1,1,255,0.0436763996499405
9,"Araucania","Mujer",1077.02648925781,68,401500,1,1,255,0.0436763996499405
9,"Araucania","Mujer",716.875244140625,34,401500,1,1,255,0.0436763996499405
9,"Araucania","Mujer",7678.51611328125,63,401500,1,1,255,0.0436763996499405
9,"Araucania","Mujer",3876.91821289062,58,401500,1,1,255,0.0436763996499405
9,"Araucania","Hombre",9439.400390625,49,400000,1,1,255,0.0436763996499405
9,"Araucania","Hombre",13959.791015625,37,380000,2,1,255,0.0436763996499405
9,"Araucania","Mujer",3584.9443359375,31,380000,1,1,255,0.0436763996499405
9,"Araucania","Mujer",8203.8701171875,30,370000,1,1,255,0.0436763996499405
9,"Araucania","Hombre",11122.23828125,51,360000,1,2,255,0.0436763996499405
9,"Araucania","Hombre",4198.25439453125,65,350000,1,1,255,0.0436763996499405
9,"Araucania","Mujer",2497.37353515625,43,340000,1,1,255,0.0436763996499405
9,"Araucania","Hombre",14861.81640625,52,262000,1,2,255,0.0436763996499405
9,"Araucania","Hombre",3165.32397460938,46,260000,1,2,255,0.0436763996499405
9,"Araucania","Mujer",11335.0791015625,60,260000,1,1,255,0.0436763996499405
9,"Araucania","Mujer",2654.89721679688,45,240000,1,1,255,0.0436763996499405
9,"Araucania","Mujer",5106.61474609375,54,200000,1,1,255,0.0436763996499405
9,"Araucania","Mujer",10105.505859375,47,200000,1,1,255,0.0436763996499405
9,"Araucania","Mujer",5152.34716796875,40,200000,2,2,255,0.0436763996499405
9,"Araucania","Hombre",9230.775390625,34,120000,1,1,255,0.0436763996499405
9,"Araucania","Mujer",7919.5888671875,48,100000,1,1,255,0.0436763996499405
9,"Araucania","Mujer",2714.09887695312,41,100000,1,1,255,0.0436763996499405
9,"Araucania","Mujer",5926.9130859375,27,50000,1,1,255,0.0436763996499405
9,"Araucania","Mujer",3183.2763671875,47,30000,1,1,255,0.0436763996499405
9,"Araucania","Hombre",8579.60546875,33,0,1,2,255,0.0436763996499405
10,"Los Lagos","Hombre",4859.43212890625,48,2300000,1,1,279,0.0477871196169938
10,"Los Lagos","Hombre",1593.35656738281,58,2000000,1,2,279,0.0477871196169938
10,"Los Lagos","Hombre",5825.20068359375,72,1800000,1,1,279,0.0477871196169938
10,"Los Lagos","Mujer",7253.23876953125,45,1800000,1,1,279,0.0477871196169938
10,"Los Lagos","Mujer",2714.07348632812,60,1500000,1,1,279,0.0477871196169938
10,"Los Lagos","Mujer",4124.3212890625,44,1480000,1,1,279,0.0477871196169938
10,"Los Lagos","Mujer",13312.44921875,61,1300000,1,1,279,0.0477871196169938
10,"Los Lagos","Hombre",11539.3056640625,28,800000,2,2,279,0.0477871196169938
10,"Los Lagos","Mujer",15804.646484375,60,800000,1,1,279,0.0477871196169938
10,"Los Lagos","Hombre",2998.97875976562,37,750000,1,1,279,0.0477871196169938
10,"Los Lagos","Hombre",4787.95703125,33,700000,1,2,279,0.0477871196169938
10,"Los Lagos","Hombre",17683.001953125,28,600000,1,2,279,0.0477871196169938
10,"Los Lagos","Mujer",26098.908203125,47,600000,1,1,279,0.0477871196169938
10,"Los Lagos","Hombre",13215.0751953125,47,550000,1,1,279,0.0477871196169938
10,"Los Lagos","Mujer",7240.310546875,43,550000,1,1,279,0.0477871196169938
10,"Los Lagos","Hombre",1742.52575683594,40,540000,1,1,279,0.0477871196169938
10,"Los Lagos","Hombre",9244.7705078125,29,500000,1,1,279,0.0477871196169938
10,"Los Lagos","Mujer",9036.8984375,34,500000,1,1,279,0.0477871196169938
10,"Los Lagos","Hombre",6143.3544921875,23,430000,1,2,279,0.0477871196169938
10,"Los Lagos","Hombre",14236.572265625,24,405000,1,2,279,0.0477871196169938
10,"Los Lagos","Hombre",18199.40234375,44,401500,1,1,279,0.0477871196169938
10,"Los Lagos","Hombre",25528.255859375,51,401500,1,1,279,0.0477871196169938
10,"Los Lagos","Hombre",14834.2568359375,66,401500,1,1,279,0.0477871196169938
10,"Los Lagos","Hombre",9317.6103515625,51,401500,1,1,279,0.0477871196169938
10,"Los Lagos","Hombre",12508.2998046875,18,401500,1,1,279,0.0477871196169938
10,"Los Lagos","Hombre",2600.11669921875,50,401500,1,2,279,0.0477871196169938
10,"Los Lagos","Hombre",2598.02270507812,75,401500,1,1,279,0.0477871196169938
10,"Los Lagos","Hombre",5085.43603515625,85,401500,1,1,279,0.0477871196169938
10,"Los Lagos","Hombre",3918.45776367188,67,401500,1,1,279,0.0477871196169938
10,"Los Lagos","Hombre",3829.6455078125,78,401500,2,1,279,0.0477871196169938
10,"Los Lagos","Hombre",1398.2158203125,29,401500,1,1,279,0.0477871196169938
10,"Los Lagos","Mujer",22183.76171875,46,401500,1,1,279,0.0477871196169938
10,"Los Lagos","Mujer",5456.21826171875,56,401500,1,1,279,0.0477871196169938
10,"Los Lagos","Mujer",9690.83984375,32,401500,1,1,279,0.0477871196169938
10,"Los Lagos","Mujer",2191.16333007812,59,401500,1,1,279,0.0477871196169938
10,"Los Lagos","Mujer",6642.42333984375,42,401500,1,1,279,0.0477871196169938
10,"Los Lagos","Mujer",6250.6396484375,24,401500,1,1,279,0.0477871196169938
10,"Los Lagos","Mujer",7892.65087890625,67,401500,1,1,279,0.0477871196169938
10,"Los Lagos","Mujer",7193.3447265625,67,401500,1,1,279,0.0477871196169938
10,"Los Lagos","Mujer",11014.314453125,62,401500,1,1,279,0.0477871196169938
10,"Los Lagos","Mujer",7548.60205078125,35,401500,1,1,279,0.0477871196169938
10,"Los Lagos","Mujer",4873.8095703125,50,401500,1,1,279,0.0477871196169938
10,"Los Lagos","Mujer",18895.90625,18,401500,1,1,279,0.0477871196169938
10,"Los Lagos","Mujer",40936.6875,20,401500,2,1,279,0.0477871196169938
10,"Los Lagos","Mujer",9319.73828125,27,401500,1,1,279,0.0477871196169938
10,"Los Lagos","Mujer",2405.435546875,65,401500,1,1,279,0.0477871196169938
10,"Los Lagos","Mujer",1118.72595214844,56,401500,1,1,279,0.0477871196169938
10,"Los Lagos","Mujer",3516.44165039062,72,401500,1,1,279,0.0477871196169938
10,"Los Lagos","Mujer",4184.05029296875,38,401500,1,1,279,0.0477871196169938
10,"Los Lagos","Mujer",5591.02685546875,74,401500,1,1,279,0.0477871196169938
10,"Los Lagos","Mujer",13675.265625,64,401500,1,1,279,0.0477871196169938
10,"Los Lagos","Mujer",4373.2578125,52,401500,1,1,279,0.0477871196169938
10,"Los Lagos","Mujer",4288.47119140625,42,401500,1,3,279,0.0477871196169938
10,"Los Lagos","Mujer",21209.302734375,59,401500,1,1,279,0.0477871196169938
10,"Los Lagos","Mujer",9226.2294921875,47,401500,1,1,279,0.0477871196169938
10,"Los Lagos","Hombre",6138.541015625,37,400000,1,1,279,0.0477871196169938
10,"Los Lagos","Hombre",7742.46826171875,53,400000,1,2,279,0.0477871196169938
10,"Los Lagos","Mujer",5424.37744140625,52,400000,1,1,279,0.0477871196169938
10,"Los Lagos","Hombre",16249.890625,19,360000,1,1,279,0.0477871196169938
10,"Los Lagos","Mujer",5099.14794921875,52,320000,1,1,279,0.0477871196169938
10,"Los Lagos","Hombre",9462.728515625,68,300000,1,1,279,0.0477871196169938
10,"Los Lagos","Hombre",20654.5625,34,300000,1,1,279,0.0477871196169938
10,"Los Lagos","Mujer",4489.68408203125,55,280000,1,2,279,0.0477871196169938
10,"Los Lagos","Mujer",4629.97021484375,57,270000,1,1,279,0.0477871196169938
10,"Los Lagos","Mujer",16656.4609375,29,270000,1,1,279,0.0477871196169938
10,"Los Lagos","Mujer",8682.8193359375,41,250000,1,1,279,0.0477871196169938
10,"Los Lagos","Mujer",3615.81884765625,56,240000,1,1,279,0.0477871196169938
10,"Los Lagos","Mujer",19426.1171875,58,220000,1,1,279,0.0477871196169938
10,"Los Lagos","Mujer",15100.091796875,35,215000,1,2,279,0.0477871196169938
10,"Los Lagos","Mujer",9892.5615234375,31,206000,1,1,279,0.0477871196169938
10,"Los Lagos","Hombre",19286.69921875,51,200000,1,1,279,0.0477871196169938
10,"Los Lagos","Hombre",10155.7978515625,19,200000,1,1,279,0.0477871196169938
10,"Los Lagos","Mujer",1593.61999511719,55,200000,1,1,279,0.0477871196169938
10,"Los Lagos","Hombre",13005.7294921875,47,180000,1,1,279,0.0477871196169938
10,"Los Lagos","Mujer",9429.10546875,25,160000,1,1,279,0.0477871196169938
10,"Los Lagos","Hombre",4824.9970703125,43,150000,1,1,279,0.0477871196169938
10,"Los Lagos","Hombre",1249.34375,64,150000,1,1,279,0.0477871196169938
10,"Los Lagos","Mujer",9949.111328125,67,140000,1,1,279,0.0477871196169938
10,"Los Lagos","Hombre",5564.19677734375,50,120000,1,2,279,0.0477871196169938
10,"Los Lagos","Mujer",4348.94482421875,25,120000,1,1,279,0.0477871196169938
10,"Los Lagos","Hombre",13366.2685546875,56,100000,2,2,279,0.0477871196169938
10,"Los Lagos","Mujer",11867.0849609375,58,100000,1,1,279,0.0477871196169938
10,"Los Lagos","Mujer",4048.39331054688,71,10000,1,1,279,0.0477871196169938
10,"Los Lagos","Mujer",7352.47265625,54,0,1,1,279,0.0477871196169938
10,"Los Lagos","Mujer",3182.63842773438,37,0,1,1,279,0.0477871196169938
11,"Aysén","Hombre",108.395385742188,46,1700000,1,1,3,0.000513839995881653
11,"Aysén","Mujer",732.066162109375,38,1700000,1,1,3,0.000513839995881653
11,"Aysén","Mujer",434.356597900391,64,1700000,1,2,3,0.000513839995881653
11,"Aysén","Mujer",672.786926269531,56,1300000,1,1,3,0.000513839995881653
11,"Aysén","Mujer",1455.83251953125,44,800000,1,1,3,0.000513839995881653
11,"Aysén","Hombre",569.130249023438,53,750000,1,1,3,0.000513839995881653
11,"Aysén","Mujer",1416.25231933594,29,700000,1,1,3,0.000513839995881653
11,"Aysén","Hombre",381.414855957031,36,695000,1,1,3,0.000513839995881653
11,"Aysén","Hombre",875.530822753906,28,670000,1,1,3,0.000513839995881653
11,"Aysén","Hombre",1172.59020996094,31,600000,1,1,3,0.000513839995881653
11,"Aysén","Hombre",1092.99304199219,68,500000,1,1,3,0.000513839995881653
11,"Aysén","Hombre",114.405738830566,28,500000,1,1,3,0.000513839995881653
11,"Aysén","Hombre",1679.77160644531,51,401500,1,2,3,0.000513839995881653
11,"Aysén","Hombre",1626.18579101562,45,401500,1,1,3,0.000513839995881653
11,"Aysén","Hombre",810.254516601562,58,401500,1,1,3,0.000513839995881653
11,"Aysén","Hombre",572.167114257812,73,401500,1,1,3,0.000513839995881653
11,"Aysén","Hombre",1084.53210449219,53,401500,1,1,3,0.000513839995881653
11,"Aysén","Hombre",3426.59350585938,70,401500,1,1,3,0.000513839995881653
11,"Aysén","Mujer",3199.90283203125,22,401500,1,2,3,0.000513839995881653
11,"Aysén","Mujer",985.556823730469,45,401500,1,1,3,0.000513839995881653
11,"Aysén","Mujer",1095.99633789062,69,401500,1,1,3,0.000513839995881653
11,"Aysén","Mujer",353.516998291016,56,401500,1,1,3,0.000513839995881653
11,"Aysén","Hombre",415.738037109375,34,400000,1,1,3,0.000513839995881653
11,"Aysén","Mujer",705.248413085938,58,400000,1,1,3,0.000513839995881653
11,"Aysén","Mujer",1651.47119140625,30,360000,1,1,3,0.000513839995881653
11,"Aysén","Mujer",1027.98364257812,60,300000,1,1,3,0.000513839995881653
11,"Aysén","Hombre",730.045959472656,21,260000,2,1,3,0.000513839995881653
11,"Aysén","Hombre",1200.01501464844,43,250000,1,1,3,0.000513839995881653
11,"Aysén","Mujer",978.131103515625,53,50000,1,1,3,0.000513839995881653
11,"Aysén","Mujer",525.907836914062,29,33000,1,1,3,0.000513839995881653
12,"Magallanes","Hombre",515.283081054688,44,2000000,1,1,179,0.030659119754272
12,"Magallanes","Mujer",515.840454101562,36,1400000,1,2,179,0.030659119754272
12,"Magallanes","Hombre",449.797424316406,46,1200000,1,1,179,0.030659119754272
12,"Magallanes","Hombre",408.196228027344,37,1100000,1,1,179,0.030659119754272
12,"Magallanes","Mujer",854.607543945312,48,900000,1,1,179,0.030659119754272
12,"Magallanes","Mujer",613.639465332031,28,560000,1,2,179,0.030659119754272
12,"Magallanes","Hombre",746.33349609375,30,550000,1,2,179,0.030659119754272
12,"Magallanes","Hombre",1011.44079589844,29,550000,1,2,179,0.030659119754272
12,"Magallanes","Hombre",1433.33068847656,27,550000,1,2,179,0.030659119754272
12,"Magallanes","Mujer",1195.89465332031,37,500000,1,1,179,0.030659119754272
12,"Magallanes","Hombre",949.806213378906,63,490000,1,1,179,0.030659119754272
12,"Magallanes","Hombre",1320.3662109375,45,401500,1,2,179,0.030659119754272
12,"Magallanes","Hombre",582.940979003906,67,401500,1,1,179,0.030659119754272
12,"Magallanes","Hombre",345.364379882812,62,401500,1,2,179,0.030659119754272
12,"Magallanes","Hombre",383.510650634766,73,401500,1,2,179,0.030659119754272
12,"Magallanes","Hombre",452.104278564453,70,401500,1,1,179,0.030659119754272
12,"Magallanes","Mujer",1404.73889160156,42,401500,1,1,179,0.030659119754272
12,"Magallanes","Mujer",266.077301025391,72,401500,1,1,179,0.030659119754272
12,"Magallanes","Mujer",551.465148925781,75,401500,1,1,179,0.030659119754272
12,"Magallanes","Mujer",1669.00085449219,78,401500,1,1,179,0.030659119754272
12,"Magallanes","Mujer",1149.47705078125,18,401500,1,1,179,0.030659119754272
12,"Magallanes","Mujer",681.597106933594,29,401500,1,1,179,0.030659119754272
12,"Magallanes","Mujer",554.991516113281,60,401500,1,1,179,0.030659119754272
12,"Magallanes","Mujer",618.524536132812,58,401500,1,1,179,0.030659119754272
12,"Magallanes","Mujer",731.600952148438,28,382000,1,1,179,0.030659119754272
12,"Magallanes","Hombre",1941.40148925781,34,320000,1,1,179,0.030659119754272
12,"Magallanes","Mujer",921.249938964844,53,100000,1,1,179,0.030659119754272
13,"Metropolitana","Hombre",22417.064453125,36,3500000,1,1,22743,3.89542100877882
13,"Metropolitana","Hombre",5524.4765625,44,3500000,2,1,22743,3.89542100877882
13,"Metropolitana","Hombre",17383.28515625,45,3000000,1,1,22743,3.89542100877882
13,"Metropolitana","Mujer",89271.0234375,44,3000000,1,1,22743,3.89542100877882
13,"Metropolitana","Hombre",17242.095703125,36,2400000,1,1,22743,3.89542100877882
13,"Metropolitana","Hombre",6391.54638671875,40,2100000,1,1,22743,3.89542100877882
13,"Metropolitana","Hombre",22177.86328125,51,2000000,1,1,22743,3.89542100877882
13,"Metropolitana","Hombre",6467.34375,38,2000000,1,1,22743,3.89542100877882
13,"Metropolitana","Hombre",17448.052734375,45,1790000,1,1,22743,3.89542100877882
13,"Metropolitana","Hombre",18336,53,1750000,1,1,22743,3.89542100877882
13,"Metropolitana","Hombre",15078.29296875,43,1500000,1,1,22743,3.89542100877882
13,"Metropolitana","Hombre",23247.2421875,33,1500000,1,1,22743,3.89542100877882
13,"Metropolitana","Mujer",8748.69140625,47,1500000,1,1,22743,3.89542100877882
13,"Metropolitana","Hombre",6206.3095703125,59,1300000,1,1,22743,3.89542100877882
13,"Metropolitana","Mujer",69654.25,29,1250000,1,1,22743,3.89542100877882
13,"Metropolitana","Hombre",20419.484375,27,1200000,1,1,22743,3.89542100877882
13,"Metropolitana","Hombre",33750.91015625,49,1200000,2,1,22743,3.89542100877882
13,"Metropolitana","Hombre",107956.1171875,35,1200000,1,1,22743,3.89542100877882
13,"Metropolitana","Mujer",59373.8828125,70,1200000,1,1,22743,3.89542100877882
13,"Metropolitana","Hombre",26333.5234375,40,1100000,1,1,22743,3.89542100877882
13,"Metropolitana","Hombre",13802.21484375,45,1000000,1,1,22743,3.89542100877882
13,"Metropolitana","Hombre",9140.451171875,31,1000000,1,1,22743,3.89542100877882
13,"Metropolitana","Hombre",85200.953125,56,1000000,1,1,22743,3.89542100877882
13,"Metropolitana","Hombre",18766.16015625,65,1000000,1,1,22743,3.89542100877882
13,"Metropolitana","Mujer",26406.4296875,47,1000000,1,1,22743,3.89542100877882
13,"Metropolitana","Hombre",35027.4140625,31,900000,1,1,22743,3.89542100877882
13,"Metropolitana","Mujer",11522.07421875,37,900000,1,1,22743,3.89542100877882
13,"Metropolitana","Hombre",7092.8193359375,53,850000,1,1,22743,3.89542100877882
13,"Metropolitana","Hombre",5263.787109375,47,800000,1,1,22743,3.89542100877882
13,"Metropolitana","Hombre",25922.9765625,56,800000,1,1,22743,3.89542100877882
13,"Metropolitana","Mujer",14732.3642578125,49,800000,1,1,22743,3.89542100877882
13,"Metropolitana","Mujer",10076.0791015625,40,800000,1,1,22743,3.89542100877882
13,"Metropolitana","Hombre",14022.7939453125,34,740000,1,1,22743,3.89542100877882
13,"Metropolitana","Mujer",50336.53515625,52,720000,1,1,22743,3.89542100877882
13,"Metropolitana","Hombre",11647.7265625,58,700000,1,1,22743,3.89542100877882
13,"Metropolitana","Hombre",9945.25,42,700000,1,1,22743,3.89542100877882
13,"Metropolitana","Hombre",22575.88671875,28,700000,1,1,22743,3.89542100877882
13,"Metropolitana","Hombre",37015.5078125,34,700000,1,1,22743,3.89542100877882
13,"Metropolitana","Mujer",14465.59765625,38,700000,1,1,22743,3.89542100877882
13,"Metropolitana","Hombre",29758.21484375,33,620000,1,1,22743,3.89542100877882
13,"Metropolitana","Hombre",52110.30078125,49,600000,1,1,22743,3.89542100877882
13,"Metropolitana","Hombre",7616.89990234375,44,600000,1,1,22743,3.89542100877882
13,"Metropolitana","Hombre",34418.8125,67,600000,2,1,22743,3.89542100877882
13,"Metropolitana","Hombre",8321.1982421875,55,600000,1,1,22743,3.89542100877882
13,"Metropolitana","Hombre",29064.435546875,30,600000,1,2,22743,3.89542100877882
13,"Metropolitana","Hombre",4878.9453125,60,600000,1,1,22743,3.89542100877882
13,"Metropolitana","Mujer",16203.0712890625,40,600000,1,1,22743,3.89542100877882
13,"Metropolitana","Mujer",19083.4453125,30,600000,1,1,22743,3.89542100877882
13,"Metropolitana","Hombre",17147.845703125,47,580000,1,1,22743,3.89542100877882
13,"Metropolitana","Hombre",138356.859375,24,550000,1,1,22743,3.89542100877882
13,"Metropolitana","Mujer",12498.5615234375,63,550000,1,2,22743,3.89542100877882
13,"Metropolitana","Mujer",45351.796875,44,550000,1,1,22743,3.89542100877882
13,"Metropolitana","Mujer",4044.55541992188,70,534000,1,1,22743,3.89542100877882
13,"Metropolitana","Hombre",44577.765625,59,520000,1,1,22743,3.89542100877882
13,"Metropolitana","Hombre",14947.51171875,46,510000,1,1,22743,3.89542100877882
13,"Metropolitana","Hombre",18360.875,61,500000,1,1,22743,3.89542100877882
13,"Metropolitana","Hombre",75477.2421875,40,500000,1,1,22743,3.89542100877882
13,"Metropolitana","Hombre",34068.21875,59,500000,1,1,22743,3.89542100877882
13,"Metropolitana","Hombre",7049.4755859375,21,490000,1,2,22743,3.89542100877882
13,"Metropolitana","Hombre",20085.916015625,35,450000,2,1,22743,3.89542100877882
13,"Metropolitana","Hombre",60224.44140625,49,450000,1,1,22743,3.89542100877882
13,"Metropolitana","Hombre",10503.4111328125,20,450000,1,2,22743,3.89542100877882
13,"Metropolitana","Hombre",49098.71484375,38,401500,2,1,22743,3.89542100877882
13,"Metropolitana","Hombre",43986.6953125,20,401500,1,1,22743,3.89542100877882
13,"Metropolitana","Hombre",86039.8828125,44,401500,1,2,22743,3.89542100877882
13,"Metropolitana","Hombre",51185.0078125,63,401500,2,2,22743,3.89542100877882
13,"Metropolitana","Hombre",88386.3125,42,401500,1,1,22743,3.89542100877882
13,"Metropolitana","Hombre",3957.89428710938,64,401500,1,1,22743,3.89542100877882
13,"Metropolitana","Hombre",2433.46069335938,80,401500,1,1,22743,3.89542100877882
13,"Metropolitana","Hombre",156350.140625,43,401500,1,1,22743,3.89542100877882
13,"Metropolitana","Hombre",102104.9296875,43,401500,1,1,22743,3.89542100877882
13,"Metropolitana","Hombre",6246.1875,76,401500,1,1,22743,3.89542100877882
13,"Metropolitana","Hombre",88112.375,25,401500,1,1,22743,3.89542100877882
13,"Metropolitana","Hombre",73271.0390625,21,401500,1,1,22743,3.89542100877882
13,"Metropolitana","Hombre",16030.9609375,19,401500,1,1,22743,3.89542100877882
13,"Metropolitana","Hombre",15553.068359375,71,401500,1,1,22743,3.89542100877882
13,"Metropolitana","Hombre",27592.6171875,31,401500,1,1,22743,3.89542100877882
13,"Metropolitana","Hombre",191940.109375,67,401500,1,1,22743,3.89542100877882
13,"Metropolitana","Hombre",72655.8984375,27,401500,1,1,22743,3.89542100877882
13,"Metropolitana","Hombre",56185.7578125,60,401500,1,1,22743,3.89542100877882
13,"Metropolitana","Hombre",15207.21484375,33,401500,1,2,22743,3.89542100877882
13,"Metropolitana","Hombre",37643.9375,58,401500,1,1,22743,3.89542100877882
13,"Metropolitana","Hombre",100113.90625,38,401500,1,1,22743,3.89542100877882
13,"Metropolitana","Hombre",49509.86328125,73,401500,1,1,22743,3.89542100877882
13,"Metropolitana","Hombre",119033.6015625,72,401500,1,1,22743,3.89542100877882
13,"Metropolitana","Hombre",48061.0390625,47,401500,2,1,22743,3.89542100877882
13,"Metropolitana","Hombre",102590.7578125,58,401500,1,1,22743,3.89542100877882
13,"Metropolitana","Hombre",19087.087890625,35,401500,1,1,22743,3.89542100877882
13,"Metropolitana","Hombre",75480.3046875,20,401500,1,1,22743,3.89542100877882
13,"Metropolitana","Hombre",89616.171875,31,401500,1,1,22743,3.89542100877882
13,"Metropolitana","Hombre",19497.689453125,36,401500,1,3,22743,3.89542100877882
13,"Metropolitana","Hombre",12750.810546875,47,401500,1,1,22743,3.89542100877882
13,"Metropolitana","Hombre",30406.8515625,35,401500,1,1,22743,3.89542100877882
13,"Metropolitana","Hombre",28571.984375,21,401500,1,1,22743,3.89542100877882
13,"Metropolitana","Hombre",15740.6328125,26,401500,1,2,22743,3.89542100877882
13,"Metropolitana","Hombre",28092.001953125,51,401500,1,1,22743,3.89542100877882
13,"Metropolitana","Hombre",30212.455078125,41,401500,1,1,22743,3.89542100877882
13,"Metropolitana","Hombre",85619.96875,20,401500,1,2,22743,3.89542100877882
13,"Metropolitana","Hombre",6517.30810546875,70,401500,1,1,22743,3.89542100877882
13,"Metropolitana","Hombre",14009.1875,67,401500,1,1,22743,3.89542100877882
13,"Metropolitana","Mujer",16368.908203125,60,401500,1,1,22743,3.89542100877882
13,"Metropolitana","Mujer",18290.755859375,60,401500,3,3,22743,3.89542100877882
13,"Metropolitana","Mujer",27243.51953125,81,401500,1,1,22743,3.89542100877882
13,"Metropolitana","Mujer",11502.67578125,78,401500,1,1,22743,3.89542100877882
13,"Metropolitana","Mujer",40066.421875,67,401500,1,1,22743,3.89542100877882
13,"Metropolitana","Mujer",19034.142578125,65,401500,1,1,22743,3.89542100877882
13,"Metropolitana","Mujer",6924.40576171875,77,401500,1,1,22743,3.89542100877882
13,"Metropolitana","Mujer",20464.92578125,72,401500,1,1,22743,3.89542100877882
13,"Metropolitana","Mujer",21039.787109375,68,401500,1,1,22743,3.89542100877882
13,"Metropolitana","Mujer",33500.4765625,55,401500,1,1,22743,3.89542100877882
13,"Metropolitana","Mujer",6544.02978515625,79,401500,1,1,22743,3.89542100877882
13,"Metropolitana","Mujer",1744.18737792969,60,401500,1,1,22743,3.89542100877882
13,"Metropolitana","Mujer",25991.728515625,57,401500,1,1,22743,3.89542100877882
13,"Metropolitana","Mujer",8975.216796875,72,401500,1,1,22743,3.89542100877882
13,"Metropolitana","Mujer",27410.828125,59,401500,1,1,22743,3.89542100877882
13,"Metropolitana","Mujer",25735.826171875,69,401500,1,1,22743,3.89542100877882
13,"Metropolitana","Mujer",112068.4140625,30,401500,1,1,22743,3.89542100877882
13,"Metropolitana","Mujer",40872.56640625,34,401500,1,1,22743,3.89542100877882
13,"Metropolitana","Mujer",18677.255859375,19,401500,1,1,22743,3.89542100877882
13,"Metropolitana","Mujer",3944.19409179688,74,401500,1,1,22743,3.89542100877882
13,"Metropolitana","Mujer",19816.341796875,61,401500,1,1,22743,3.89542100877882
13,"Metropolitana","Mujer",5809.5380859375,77,401500,1,1,22743,3.89542100877882
13,"Metropolitana","Mujer",31357.525390625,27,401500,1,1,22743,3.89542100877882
13,"Metropolitana","Mujer",9564.1923828125,53,401500,1,1,22743,3.89542100877882
13,"Metropolitana","Mujer",3109.58520507812,79,401500,1,1,22743,3.89542100877882
13,"Metropolitana","Mujer",2435.41723632812,32,401500,1,1,22743,3.89542100877882
13,"Metropolitana","Mujer",157725.171875,45,401500,1,1,22743,3.89542100877882
13,"Metropolitana","Mujer",55095.47265625,67,401500,1,1,22743,3.89542100877882
13,"Metropolitana","Mujer",13491.0791015625,75,401500,1,1,22743,3.89542100877882
13,"Metropolitana","Mujer",31454.37890625,46,401500,1,1,22743,3.89542100877882
13,"Metropolitana","Mujer",26160.744140625,43,401500,1,1,22743,3.89542100877882
13,"Metropolitana","Mujer",10387.6708984375,76,401500,1,1,22743,3.89542100877882
13,"Metropolitana","Mujer",16585.134765625,75,401500,1,1,22743,3.89542100877882
13,"Metropolitana","Mujer",25926.837890625,32,401500,1,1,22743,3.89542100877882
13,"Metropolitana","Mujer",10528.2880859375,63,401500,1,1,22743,3.89542100877882
13,"Metropolitana","Mujer",57489.6015625,55,401500,1,1,22743,3.89542100877882
13,"Metropolitana","Mujer",17976.7109375,60,401500,1,1,22743,3.89542100877882
13,"Metropolitana","Mujer",182349.21875,64,401500,1,1,22743,3.89542100877882
13,"Metropolitana","Mujer",194764.15625,23,401500,1,1,22743,3.89542100877882
13,"Metropolitana","Mujer",3657.90893554688,73,401500,1,1,22743,3.89542100877882
13,"Metropolitana","Mujer",37880.76953125,33,401500,1,1,22743,3.89542100877882
13,"Metropolitana","Mujer",18500.21484375,81,401500,1,1,22743,3.89542100877882
13,"Metropolitana","Mujer",109115.859375,63,401500,1,1,22743,3.89542100877882
13,"Metropolitana","Mujer",46376.85546875,52,401500,1,1,22743,3.89542100877882
13,"Metropolitana","Mujer",86412.890625,41,401500,1,1,22743,3.89542100877882
13,"Metropolitana","Mujer",9767.62890625,63,401500,1,1,22743,3.89542100877882
13,"Metropolitana","Mujer",8460.8935546875,71,401500,1,1,22743,3.89542100877882
13,"Metropolitana","Mujer",11471.5849609375,63,401500,1,1,22743,3.89542100877882
13,"Metropolitana","Mujer",26442.822265625,42,401500,1,1,22743,3.89542100877882
13,"Metropolitana","Mujer",9116.314453125,62,401500,1,1,22743,3.89542100877882
13,"Metropolitana","Mujer",22650.873046875,50,401500,1,1,22743,3.89542100877882
13,"Metropolitana","Mujer",54658.484375,45,401500,1,1,22743,3.89542100877882
13,"Metropolitana","Mujer",9732.2939453125,73,401500,1,1,22743,3.89542100877882
13,"Metropolitana","Mujer",82132.65625,21,401500,1,1,22743,3.89542100877882
13,"Metropolitana","Mujer",27027.828125,47,401500,3,1,22743,3.89542100877882
13,"Metropolitana","Mujer",61433.8828125,52,401500,1,1,22743,3.89542100877882
13,"Metropolitana","Mujer",48847.19921875,58,401500,1,1,22743,3.89542100877882
13,"Metropolitana","Mujer",68954.3671875,25,401500,1,1,22743,3.89542100877882
13,"Metropolitana","Mujer",12707.123046875,42,401500,1,1,22743,3.89542100877882
13,"Metropolitana","Mujer",18555.455078125,64,401500,1,1,22743,3.89542100877882
13,"Metropolitana","Mujer",42186.09765625,56,401500,1,2,22743,3.89542100877882
13,"Metropolitana","Mujer",24320.4453125,56,401500,2,1,22743,3.89542100877882
13,"Metropolitana","Mujer",30632.9296875,18,401500,1,1,22743,3.89542100877882
13,"Metropolitana","Mujer",68278.0859375,72,401500,1,1,22743,3.89542100877882
13,"Metropolitana","Mujer",34658.94921875,55,401500,1,1,22743,3.89542100877882
13,"Metropolitana","Mujer",21725.7265625,53,401500,1,1,22743,3.89542100877882
13,"Metropolitana","Mujer",36780.42578125,57,401500,1,1,22743,3.89542100877882
13,"Metropolitana","Mujer",53531.08203125,37,401500,1,1,22743,3.89542100877882
13,"Metropolitana","Mujer",36589.35546875,22,401500,1,1,22743,3.89542100877882
13,"Metropolitana","Mujer",26976.904296875,47,401500,1,1,22743,3.89542100877882
13,"Metropolitana","Mujer",11026.755859375,56,401500,1,1,22743,3.89542100877882
13,"Metropolitana","Mujer",37487.18359375,64,401500,1,1,22743,3.89542100877882
13,"Metropolitana","Mujer",16333.263671875,36,401500,1,1,22743,3.89542100877882
13,"Metropolitana","Mujer",12878.01953125,62,401500,1,1,22743,3.89542100877882
13,"Metropolitana","Mujer",14793.7587890625,64,401500,1,1,22743,3.89542100877882
13,"Metropolitana","Mujer",17971.212890625,59,401500,1,2,22743,3.89542100877882
13,"Metropolitana","Mujer",12735.2431640625,76,401500,1,1,22743,3.89542100877882
13,"Metropolitana","Mujer",17319.86328125,44,401500,1,1,22743,3.89542100877882
13,"Metropolitana","Hombre",22912.970703125,27,400000,2,2,22743,3.89542100877882
13,"Metropolitana","Hombre",25266.037109375,47,400000,1,1,22743,3.89542100877882
13,"Metropolitana","Hombre",39645.640625,40,400000,1,1,22743,3.89542100877882
13,"Metropolitana","Hombre",17116.98828125,45,400000,1,2,22743,3.89542100877882
13,"Metropolitana","Mujer",88227.9375,22,400000,1,1,22743,3.89542100877882
13,"Metropolitana","Mujer",30299.0078125,58,400000,1,1,22743,3.89542100877882
13,"Metropolitana","Mujer",32760.91015625,36,400000,1,1,22743,3.89542100877882
13,"Metropolitana","Mujer",18011.953125,28,400000,1,2,22743,3.89542100877882
13,"Metropolitana","Mujer",20073.94921875,56,400000,1,1,22743,3.89542100877882
13,"Metropolitana","Mujer",79626.0546875,24,390000,1,1,22743,3.89542100877882
13,"Metropolitana","Mujer",37264.1015625,53,390000,1,1,22743,3.89542100877882
13,"Metropolitana","Mujer",15081.4599609375,52,380000,1,1,22743,3.89542100877882
13,"Metropolitana","Hombre",49612.125,26,360000,1,1,22743,3.89542100877882
13,"Metropolitana","Hombre",17221.59765625,54,350000,1,1,22743,3.89542100877882
13,"Metropolitana","Mujer",16747.537109375,56,350000,1,1,22743,3.89542100877882
13,"Metropolitana","Mujer",7248.619140625,66,350000,1,1,22743,3.89542100877882
13,"Metropolitana","Hombre",15691.904296875,70,320500,1,1,22743,3.89542100877882
13,"Metropolitana","Mujer",20614.419921875,56,320000,1,1,22743,3.89542100877882
13,"Metropolitana","Mujer",20383.939453125,53,320000,1,1,22743,3.89542100877882
13,"Metropolitana","Mujer",4832.896484375,42,320000,1,1,22743,3.89542100877882
13,"Metropolitana","Hombre",35417.90625,58,310000,1,1,22743,3.89542100877882
13,"Metropolitana","Hombre",46949.79296875,62,301000,1,1,22743,3.89542100877882
13,"Metropolitana","Hombre",31794.9140625,57,301000,1,1,22743,3.89542100877882
13,"Metropolitana","Hombre",44023.12890625,22,300000,1,1,22743,3.89542100877882
13,"Metropolitana","Hombre",57251.61328125,66,300000,1,1,22743,3.89542100877882
13,"Metropolitana","Hombre",33966.8671875,26,300000,1,1,22743,3.89542100877882
13,"Metropolitana","Hombre",19305.126953125,63,300000,1,1,22743,3.89542100877882
13,"Metropolitana","Mujer",16021.734375,34,300000,1,1,22743,3.89542100877882
13,"Metropolitana","Mujer",6874.22900390625,37,300000,1,1,22743,3.89542100877882
13,"Metropolitana","Mujer",12175.6865234375,24,300000,1,1,22743,3.89542100877882
13,"Metropolitana","Mujer",92951.9296875,30,300000,1,2,22743,3.89542100877882
13,"Metropolitana","Hombre",79034.53125,19,285000,1,1,22743,3.89542100877882
13,"Metropolitana","Hombre",16086.4296875,43,280000,1,1,22743,3.89542100877882
13,"Metropolitana","Mujer",72049.890625,42,280000,1,1,22743,3.89542100877882
13,"Metropolitana","Mujer",15958.2763671875,46,245000,1,1,22743,3.89542100877882
13,"Metropolitana","Hombre",26725.015625,70,230000,1,1,22743,3.89542100877882
13,"Metropolitana","Hombre",37443.95703125,21,200000,1,2,22743,3.89542100877882
13,"Metropolitana","Hombre",43105.28515625,65,200000,1,1,22743,3.89542100877882
13,"Metropolitana","Mujer",17916.41015625,56,200000,1,1,22743,3.89542100877882
13,"Metropolitana","Mujer",3463.40600585938,39,200000,1,1,22743,3.89542100877882
13,"Metropolitana","Mujer",61256.67578125,30,200000,1,1,22743,3.89542100877882
13,"Metropolitana","Mujer",47462.9375,53,200000,2,1,22743,3.89542100877882
13,"Metropolitana","Hombre",55579.77734375,24,180000,1,1,22743,3.89542100877882
13,"Metropolitana","Hombre",22356.39453125,68,180000,1,1,22743,3.89542100877882
13,"Metropolitana","Mujer",101456.1484375,22,160000,1,1,22743,3.89542100877882
13,"Metropolitana","Hombre",54003.40234375,20,150000,1,1,22743,3.89542100877882
13,"Metropolitana","Mujer",10306.9326171875,35,150000,1,1,22743,3.89542100877882
13,"Metropolitana","Mujer",13864.9423828125,47,150000,1,1,22743,3.89542100877882
13,"Metropolitana","Mujer",56715.46875,20,147000,1,1,22743,3.89542100877882
13,"Metropolitana","Hombre",23037.080078125,21,120000,1,2,22743,3.89542100877882
13,"Metropolitana","Mujer",23480.712890625,55,120000,1,1,22743,3.89542100877882
13,"Metropolitana","Mujer",12803.1767578125,31,110000,1,1,22743,3.89542100877882
13,"Metropolitana","Hombre",5768.03759765625,23,91000,1,1,22743,3.89542100877882
13,"Metropolitana","Mujer",35943.41015625,72,80000,1,1,22743,3.89542100877882
13,"Metropolitana","Mujer",197897.671875,23,75000,1,1,22743,3.89542100877882
13,"Metropolitana","Mujer",5411.1220703125,44,50000,1,1,22743,3.89542100877882
13,"Metropolitana","Hombre",6072.2080078125,25,40000,2,2,22743,3.89542100877882
13,"Metropolitana","Hombre",6907.5927734375,72,30000,1,1,22743,3.89542100877882
13,"Metropolitana","Hombre",8074.82861328125,72,0,1,1,22743,3.89542100877882
13,"Metropolitana","Hombre",20055.01953125,54,0,1,1,22743,3.89542100877882
13,"Metropolitana","Hombre",17796.8984375,22,0,1,1,22743,3.89542100877882
13,"Metropolitana","Mujer",139537.90625,21,0,1,1,22743,3.89542100877882
14,"Los Ríos","Hombre",3473.94458007812,34,2000000,1,2,105,0.0179843998558579
14,"Los Ríos","Hombre",10151.2724609375,35,1500000,1,2,105,0.0179843998558579
14,"Los Ríos","Hombre",2959.09887695312,31,1200000,2,2,105,0.0179843998558579
14,"Los Ríos","Hombre",2834.01489257812,52,800000,1,1,105,0.0179843998558579
14,"Los Ríos","Hombre",3160.25439453125,60,700000,1,1,105,0.0179843998558579
14,"Los Ríos","Hombre",5285.1123046875,41,680000,1,1,105,0.0179843998558579
14,"Los Ríos","Hombre",32718.810546875,59,500000,1,1,105,0.0179843998558579
14,"Los Ríos","Mujer",3937.60668945312,49,500000,1,1,105,0.0179843998558579
14,"Los Ríos","Mujer",5973.208984375,27,483000,1,1,105,0.0179843998558579
14,"Los Ríos","Hombre",13029.072265625,59,401500,1,2,105,0.0179843998558579
14,"Los Ríos","Hombre",7225.62353515625,74,401500,1,1,105,0.0179843998558579
14,"Los Ríos","Hombre",2735.546875,48,401500,1,1,105,0.0179843998558579
14,"Los Ríos","Hombre",5183.0126953125,40,401500,1,1,105,0.0179843998558579
14,"Los Ríos","Hombre",19021.44921875,49,401500,1,1,105,0.0179843998558579
14,"Los Ríos","Mujer",3986.53466796875,71,401500,1,1,105,0.0179843998558579
14,"Los Ríos","Mujer",27055.7890625,72,401500,1,1,105,0.0179843998558579
14,"Los Ríos","Mujer",9684.5732421875,70,401500,1,1,105,0.0179843998558579
14,"Los Ríos","Mujer",1800.07043457031,68,401500,1,1,105,0.0179843998558579
14,"Los Ríos","Mujer",3860.82666015625,36,401500,1,1,105,0.0179843998558579
14,"Los Ríos","Mujer",5386.666015625,61,401500,1,1,105,0.0179843998558579
14,"Los Ríos","Mujer",4385.0634765625,63,401500,1,1,105,0.0179843998558579
14,"Los Ríos","Mujer",4112.947265625,52,401500,1,1,105,0.0179843998558579
14,"Los Ríos","Mujer",11524.7822265625,29,401500,1,1,105,0.0179843998558579
14,"Los Ríos","Hombre",6156.17431640625,50,400000,1,2,105,0.0179843998558579
14,"Los Ríos","Mujer",3397.24853515625,58,400000,1,1,105,0.0179843998558579
14,"Los Ríos","Hombre",11199.30078125,54,340000,1,1,105,0.0179843998558579
14,"Los Ríos","Hombre",3864.07495117188,61,340000,1,2,105,0.0179843998558579
14,"Los Ríos","Hombre",19652.265625,23,270000,1,1,105,0.0179843998558579
14,"Los Ríos","Hombre",23667.357421875,44,250000,1,2,105,0.0179843998558579
14,"Los Ríos","Hombre",3892.87890625,63,250000,1,2,105,0.0179843998558579
14,"Los Ríos","Hombre",2268.63525390625,66,170000,1,1,105,0.0179843998558579
14,"Los Ríos","Hombre",9484.9326171875,47,150000,1,1,105,0.0179843998558579
14,"Los Ríos","Mujer",5935.08203125,32,120000,1,1,105,0.0179843998558579
14,"Los Ríos","Mujer",5703.5673828125,22,79900,1,1,105,0.0179843998558579
14,"Los Ríos","Mujer",3392.15112304688,66,20000,1,1,105,0.0179843998558579
15,"Arica y Parinacota","Mujer",1989.98022460938,33,1100000,3,1,344,0.0589203195277629
15,"Arica y Parinacota","Mujer",1137.07507324219,34,1100000,1,1,344,0.0589203195277629
15,"Arica y Parinacota","Mujer",994.777954101562,43,900000,1,2,344,0.0589203195277629
15,"Arica y Parinacota","Hombre",11159.0712890625,44,600000,1,1,344,0.0589203195277629
15,"Arica y Parinacota","Hombre",887.765991210938,46,600000,1,1,344,0.0589203195277629
15,"Arica y Parinacota","Hombre",262.670227050781,36,600000,1,2,344,0.0589203195277629
15,"Arica y Parinacota","Hombre",577.506408691406,22,500000,1,1,344,0.0589203195277629
15,"Arica y Parinacota","Hombre",354.746704101562,66,450000,1,1,344,0.0589203195277629
15,"Arica y Parinacota","Mujer",2031.36962890625,44,450000,1,1,344,0.0589203195277629
15,"Arica y Parinacota","Hombre",3800.75537109375,56,401500,1,1,344,0.0589203195277629
15,"Arica y Parinacota","Hombre",676.325744628906,65,401500,1,1,344,0.0589203195277629
15,"Arica y Parinacota","Hombre",2206.0791015625,35,401500,1,1,344,0.0589203195277629
15,"Arica y Parinacota","Hombre",3944.6337890625,25,401500,1,1,344,0.0589203195277629
15,"Arica y Parinacota","Hombre",1340.5576171875,43,401500,1,1,344,0.0589203195277629
15,"Arica y Parinacota","Mujer",2909.67138671875,18,401500,2,1,344,0.0589203195277629
15,"Arica y Parinacota","Mujer",532.246154785156,41,401500,1,2,344,0.0589203195277629
15,"Arica y Parinacota","Mujer",1541.24084472656,57,401500,1,1,344,0.0589203195277629
15,"Arica y Parinacota","Mujer",3308.69091796875,72,401500,1,1,344,0.0589203195277629
15,"Arica y Parinacota","Mujer",1051.27990722656,40,401500,1,1,344,0.0589203195277629
15,"Arica y Parinacota","Mujer",459.402282714844,52,401500,1,1,344,0.0589203195277629
15,"Arica y Parinacota","Mujer",1916.9306640625,33,401500,1,1,344,0.0589203195277629
15,"Arica y Parinacota","Hombre",240.05615234375,60,400000,1,2,344,0.0589203195277629
15,"Arica y Parinacota","Hombre",4586.16552734375,30,390000,1,1,344,0.0589203195277629
15,"Arica y Parinacota","Mujer",1275.63732910156,42,350000,1,2,344,0.0589203195277629
15,"Arica y Parinacota","Mujer",8309.73046875,24,200000,1,1,344,0.0589203195277629
15,"Arica y Parinacota","Hombre",2903.97290039062,21,190000,1,1,344,0.0589203195277629
15,"Arica y Parinacota","Mujer",2231.8779296875,66,170000,1,1,344,0.0589203195277629
15,"Arica y Parinacota","Hombre",4543.3740234375,20,133000,1,2,344,0.0589203195277629
15,"Arica y Parinacota","Hombre",2098.26611328125,50,100000,1,1,344,0.0589203195277629
15,"Arica y Parinacota","Mujer",504.170471191406,56,60000,1,1,344,0.0589203195277629
16,"Ñuble","Hombre",3868.63989257812,53,1700000,1,1,370,0.0633735994920706
16,"Ñuble","Mujer",2712.96118164062,67,1600000,1,1,370,0.0633735994920706
16,"Ñuble","Hombre",2761.70727539062,31,1150000,1,2,370,0.0633735994920706
16,"Ñuble","Hombre",4379.76171875,47,800000,1,2,370,0.0633735994920706
16,"Ñuble","Hombre",2401.82763671875,61,705000,1,2,370,0.0633735994920706
16,"Ñuble","Mujer",3681.09326171875,55,680000,1,1,370,0.0633735994920706
16,"Ñuble","Hombre",4779.65869140625,55,600000,1,1,370,0.0633735994920706
16,"Ñuble","Hombre",9377.0869140625,45,600000,1,1,370,0.0633735994920706
16,"Ñuble","Hombre",1477.94299316406,38,510000,1,1,370,0.0633735994920706
16,"Ñuble","Hombre",5748.87353515625,20,510000,1,3,370,0.0633735994920706
16,"Ñuble","Hombre",5065.619140625,57,500000,1,1,370,0.0633735994920706
16,"Ñuble","Hombre",6899.521484375,30,500000,1,1,370,0.0633735994920706
16,"Ñuble","Hombre",2838.63623046875,61,450000,1,1,370,0.0633735994920706
16,"Ñuble","Hombre",8430.6796875,78,401500,1,1,370,0.0633735994920706
16,"Ñuble","Hombre",3237.07836914062,68,401500,1,1,370,0.0633735994920706
16,"Ñuble","Hombre",1034.61511230469,48,401500,1,1,370,0.0633735994920706
16,"Ñuble","Hombre",2268.36450195312,74,401500,1,1,370,0.0633735994920706
16,"Ñuble","Hombre",11100.9228515625,31,401500,1,1,370,0.0633735994920706
16,"Ñuble","Hombre",12948.029296875,69,401500,2,1,370,0.0633735994920706
16,"Ñuble","Hombre",11467.0791015625,67,401500,1,1,370,0.0633735994920706
16,"Ñuble","Mujer",4952.65771484375,78,401500,1,1,370,0.0633735994920706
16,"Ñuble","Mujer",11833.34765625,62,401500,1,1,370,0.0633735994920706
16,"Ñuble","Mujer",3518.62573242188,49,401500,1,1,370,0.0633735994920706
16,"Ñuble","Mujer",2773.623046875,66,401500,1,1,370,0.0633735994920706
16,"Ñuble","Mujer",2324.13793945312,53,401500,1,1,370,0.0633735994920706
16,"Ñuble","Mujer",1512.96875,75,401500,1,1,370,0.0633735994920706
16,"Ñuble","Mujer",7493.9833984375,43,401500,1,1,370,0.0633735994920706
16,"Ñuble","Mujer",16138.2958984375,33,401500,1,1,370,0.0633735994920706
16,"Ñuble","Mujer",16536.57421875,72,401500,1,1,370,0.0633735994920706
16,"Ñuble","Mujer",9436.4140625,53,401500,1,1,370,0.0633735994920706
16,"Ñuble","Mujer",4746.28857421875,54,401500,1,1,370,0.0633735994920706
16,"Ñuble","Mujer",6731.57470703125,59,400000,1,1,370,0.0633735994920706
16,"Ñuble","Mujer",4881.29345703125,39,400000,1,1,370,0.0633735994920706
16,"Ñuble","Mujer",6513.71533203125,25,350000,1,1,370,0.0633735994920706
16,"Ñuble","Hombre",4375.03564453125,21,314000,1,1,370,0.0633735994920706
16,"Ñuble","Hombre",3743.16040039062,49,300000,1,1,370,0.0633735994920706
16,"Ñuble","Hombre",3147.8525390625,65,300000,1,1,370,0.0633735994920706
16,"Ñuble","Mujer",15192.2255859375,44,300000,1,1,370,0.0633735994920706
16,"Ñuble","Hombre",10650.046875,31,200000,1,2,370,0.0633735994920706
16,"Ñuble","Mujer",4610.88525390625,44,100000,1,1,370,0.0633735994920706
16,"Ñuble","Mujer",1236.06640625,44,50000,1,1,370,0.0633735994920706
16,"Ñuble","Hombre",7580.8232421875,50,0,1,1,370,0.0633735994920706
